id,name,address,capacity,price
1,信二家廚 Shinji Living,台灣臺北市中正區 濟南路二段62巷23號1樓 1 樓,18 人,1380
2,愛佳泊,台灣臺北市中正區 濟南路二段62巷23號1樓 1 樓,80 人,1200
3,Happ. 小樹屋,台灣臺北市中正區 濟南路二段62巷23號1樓 1 樓,4 人,220
4,Happ. 小樹屋,台灣臺北市中正區 濟南路二段62巷23號1樓 1 樓,40 人,1200
5,Happ. 小樹屋,台灣臺北市中正區 濟南路二段62巷23號1樓 1 樓,40 人,150
6,愛佳泊,台灣臺北市中正區 濟南路二段62巷23號1樓 1 樓,10 人,400
7,毛時光共享空間,台灣臺北市中正區 濟南路二段62巷23號1樓 1 樓,50 人,700
8,日富空間,台灣臺北市中正區 濟南路二段62巷23號1樓 1 樓,20 人,450
9,幸福廚藝教室,台灣臺北市中正區 濟南路二段62巷23號1樓 1 樓,60 人,700
10,Happ. 小樹屋,台灣臺北市中正區 濟南路二段62巷23號1樓 1 樓,8 人,420
11,田舍有限公司,台灣臺北市南港區 富康街1巷2號 1 樓,10 人,350
12,Swing Taiwan 藝文空間!!台中美術園區,台灣臺北市南港區 富康街1巷2號 1 樓,30 人,500
13,LE CARRÉ 拉開門,台灣臺北市南港區 富康街1巷2號 1 樓,49 人,399
14,ness family club,台灣臺北市南港區 富康街1巷2號 1 樓,50 人,20000
15,Happ. 小樹屋,台灣臺北市南港區 富康街1巷2號 1 樓,6 人,370
16,HOWSHOW共享空間,台灣臺北市南港區 富康街1巷2號 1 樓,20 人,450
17,D.LAB 商務空間,台灣臺北市南港區 富康街1巷2號 1 樓,30 人,5200
18,Mix&Match複合式咖啡館,台灣臺北市南港區 富康街1巷2號 1 樓,20 人,3000
19,比日山 TtdH｜創意分享空間,台灣臺北市南港區 富康街1巷2號 1 樓,20 人,700
20,Happ. 小樹屋,台灣臺北市南港區 富康街1巷2號 1 樓,10 人,360
21,IN BAR Kaohsiung,台灣高雄市苓雅區 海邊路105號 1 樓,50 人,500
22,心流逸境工作室,台灣高雄市苓雅區 海邊路105號 1 樓,24 人,500
23,藏風藝文空間,台灣高雄市苓雅區 海邊路105號 1 樓,100 人,1250
24,Syntrend Show,台灣高雄市苓雅區 海邊路105號 1 樓,400 人,70000
25,Happ. 小樹屋,台灣高雄市苓雅區 海邊路105號 1 樓,7 人,460
26,Happ. 小樹屋,台灣高雄市苓雅區 海邊路105號 1 樓,4 人,280
27,Happ. 小樹屋,台灣高雄市苓雅區 海邊路105號 1 樓,10 人,490
28,Happ. 小樹屋,台灣高雄市苓雅區 海邊路105號 1 樓,12 人,790
29,Happ. 小樹屋,台灣高雄市苓雅區 海邊路105號 1 樓,6 人,420
30,三木空間_近松山車站東出口~~~鬧中取靜窗外綠植景觀場地空間,台灣高雄市苓雅區 海邊路105號 1 樓,60 人,5775
31,Happ. 小樹屋,台灣臺中市西區 精誠七街4號 2 樓 204 室,7 人,410
32,玖蒔玖house99,台灣臺中市西區 精誠七街4號 2 樓 204 室,50 人,3500
33,T&J商務分享空間,台灣臺中市西區 精誠七街4號 2 樓 204 室,20 人,250
34,Qspace會議中心,台灣臺中市西區 精誠七街4號 2 樓 204 室,90 人,2000
35,兔子咬手作烘焙,台灣臺中市西區 精誠七街4號 2 樓 204 室,15 人,300
36,北大愛輪,台灣臺中市西區 精誠七街4號 2 樓 204 室,40 人,300
37,Terminal C 兆基國際新創聚落,台灣臺中市西區 精誠七街4號 2 樓 204 室,158 人,1500
38,好睡咖啡,台灣臺中市西區 精誠七街4號 2 樓 204 室,25 人,1000
39,心煦心理治療所,台灣臺中市西區 精誠七街4號 2 樓 204 室,15 人,750
40,杏羽藝術,台灣臺中市西區 精誠七街4號 2 樓 204 室,25 人,450
41,興新富有限公司,台灣臺北市內湖區 新明路179號 12 樓,30 人,1500
42,GEOS大世界外語學院,台灣臺北市內湖區 新明路179號 12 樓,4 人,250
43,百代茶集 Dynastea,台灣臺北市內湖區 新明路179號 12 樓,25 人,750
44,福滿門,台灣臺北市內湖區 新明路179號 12 樓,26 人,250
45,Uni Furniture&Studio,台灣臺北市內湖區 新明路179號 12 樓,30 人,2500
46,中國文化大學APA藝文中心,台灣臺北市內湖區 新明路179號 12 樓,10 人,4000
47,舞齡咖啡館,台灣臺北市內湖區 新明路179號 12 樓,25 人,1000
48,黎明書局/好時光咖啡,台灣臺北市內湖區 新明路179號 12 樓,10 人,250
49,TeSA臺灣電子商務創業暨聯誼協會,台灣臺北市內湖區 新明路179號 12 樓,70 人,4500
50,TeSA臺灣電子商務創業暨聯誼協會,台灣臺北市內湖區 新明路179號 12 樓,50 人,3500
51,TeSA臺灣電子商務創業暨聯誼協會,台灣臺北市中正區 青島東路 7 號 2 樓之 1,30 人,2500
52,TeSA臺灣電子商務創業暨聯誼協會,台灣臺北市中正區 青島東路 7 號 2 樓之 1,12 人,1500
53,小巷柒食,台灣臺北市中正區 青島東路 7 號 2 樓之 1,10 人,1000
54,Triangle三角空間,台灣臺北市中正區 青島東路 7 號 2 樓之 1,20 人,1000
55,窩客文化,台灣臺北市中正區 青島東路 7 號 2 樓之 1,20 人,500
56,樂齡協會,台灣臺北市中正區 青島東路 7 號 2 樓之 1,20 人,560
57,GEOS大世界外語學院,台灣臺北市中正區 青島東路 7 號 2 樓之 1,10 人,500
58,GEOS大世界外語學院,台灣臺北市中正區 青島東路 7 號 2 樓之 1,10 人,500
59,昕群音樂展演教學中心,台灣臺北市中正區 青島東路 7 號 2 樓之 1,2 人,180
60,艾諾瑪空間,台灣臺北市中正區 青島東路 7 號 2 樓之 1,30 人,150
61,府都建設One+_All for kids,台灣臺南市東區 長榮路一段地下 1 樓 納川 室,60 人,2000
62,潤學商務共享中心,台灣臺南市東區 長榮路一段地下 1 樓 納川 室,70 人,3000
63,潤學商務共享中心,台灣臺南市東區 長榮路一段地下 1 樓 納川 室,20 人,1200
64,伴工勤美館,台灣臺南市東區 長榮路一段地下 1 樓 納川 室,10 人,300
65,拿鐵管理共享空間,台灣臺南市東區 長榮路一段地下 1 樓 納川 室,10 人,834
66,威保智能國際商務中心,台灣臺南市東區 長榮路一段地下 1 樓 納川 室,100 人,500
67,三絕音樂,台灣臺南市東區 長榮路一段地下 1 樓 納川 室,8 人,200
68,萊客共享空間,台灣臺南市東區 長榮路一段地下 1 樓 納川 室,75 人,2250
69,玄牝. Marwygafen.,台灣臺南市東區 長榮路一段地下 1 樓 納川 室,20 人,700
70,玄牝. Marwygafen.,台灣臺南市東區 長榮路一段地下 1 樓 納川 室,10 人,350
71,玄牝. Marwygafen.,台灣臺北市松山區 光復北路154號 4 樓,10 人,350
72,玄牝. Marwygafen.,台灣臺北市松山區 光復北路154號 4 樓,30 人,900
73,MASTER PROJECT STUDIO,台灣臺北市松山區 光復北路154號 4 樓,15 人,800
74,C&W 商務中心,台灣臺北市松山區 光復北路154號 4 樓,10 人,500
75,萊客共享空間,台灣臺北市松山區 光復北路154號 4 樓,36 人,1800
76,萊客共享空間,台灣臺北市松山區 光復北路154號 4 樓,135 人,5250
77,萊客共享空間,台灣臺北市松山區 光復北路154號 4 樓,64 人,5850
78,萊客共享空間,台灣臺北市松山區 光復北路154號 4 樓,30 人,1440
79,萊客共享空間,台灣臺北市松山區 光復北路154號 4 樓,220 人,11100
80,Damngood.tw,台灣臺北市松山區 光復北路154號 4 樓,55 人,3000
81,夏洛特高雄美術館體驗店,台灣高雄市鼓山區 河西一路1435號 2 樓,2 人,150
82,Uni Furniture&Studio,台灣高雄市鼓山區 河西一路1435號 2 樓,15 人,350
83,苔蘚視角文化工作室,台灣高雄市鼓山區 河西一路1435號 2 樓,25 人,500
84,好映故事廣告創意有限公司,台灣高雄市鼓山區 河西一路1435號 2 樓,20 人,600
85,巴米爾咖啡,台灣高雄市鼓山區 河西一路1435號 2 樓,30 人,1500
86,梅樓商務空間,台灣高雄市鼓山區 河西一路1435號 2 樓,30 人,500
87,存子花園1491,台灣高雄市鼓山區 河西一路1435號 2 樓,12 人,300
88,米米庫,台灣高雄市鼓山區 河西一路1435號 2 樓,30 人,1500
89,北頭娛椿共同實驗空間,台灣高雄市鼓山區 河西一路1435號 2 樓,30 人,4000
90,Uni Furniture&Studio,台灣高雄市鼓山區 河西一路1435號 2 樓,4 人,800
91,居家整聊股份有限公司,台灣臺北市松山區 南京東路四段186號,30 人,1100
92,百代茶集,台灣臺北市松山區 南京東路四段186號,25 人,600
93,克里德菁英商務中心,台灣臺北市松山區 南京東路四段186號,8 人,1000
94,克里德菁英商務中心,台灣臺北市松山區 南京東路四段186號,5 人,1000
95,克里德菁英商務中心,台灣臺北市松山區 南京東路四段186號,10 人,1000
96,克里德菁英商務中心,台灣臺北市松山區 南京東路四段186號,6 人,600
97,家博士防水材料有限公司,台灣臺北市松山區 南京東路四段186號,30 人,3000
98,Gumgum Beer & Wings 雞翅啤酒吧,台灣臺北市松山區 南京東路四段186號,100 人,5500
99,無我空間影業,台灣臺北市松山區 南京東路四段186號,20 人,1500
100,群美資訊股份有限公司,台灣臺北市松山區 南京東路四段186號,50 人,2400
101,BIBC中山綻國際商務中心,台灣臺北市大同區 南京西路57號 3 樓之 7 307E 室,5 人,600
102,伴工勤美館,台灣臺北市大同區 南京西路57號 3 樓之 7 307E 室,8 人,300
103,益新國際,台灣臺北市大同區 南京西路57號 3 樓之 7 307E 室,40 人,3000
104,朵躲雨小姐。療癒空間,台灣臺北市大同區 南京西路57號 3 樓之 7 307E 室,12 人,450
105,朵躲雨小姐。療癒空間,台灣臺北市大同區 南京西路57號 3 樓之 7 307E 室,12 人,400
106,朵躲雨小姐。療癒空間,台灣臺北市大同區 南京西路57號 3 樓之 7 307E 室,6 人,350
107,朵躲雨小姐。療癒空間,台灣臺北市大同區 南京西路57號 3 樓之 7 307E 室,8 人,450
108,朵躲雨小姐。療癒空間,台灣臺北市大同區 南京西路57號 3 樓之 7 307E 室,6 人,250
109,朵躲雨小姐。療癒空間,台灣臺北市大同區 南京西路57號 3 樓之 7 307E 室,10 人,200
110,JENNY CHOU,台灣臺北市大同區 南京西路57號 3 樓之 7 307E 室,35 人,2500
111,SY管理員,台灣新北市板橋區 新北市民權路302巷17號1樓 1 樓,20 人,350
112,幸福能量 學苑,台灣新北市板橋區 新北市民權路302巷17號1樓 1 樓,30 人,1200
113,幸福能量 學苑,台灣新北市板橋區 新北市民權路302巷17號1樓 1 樓,10 人,700
114,幸福能量 學苑,台灣新北市板橋區 新北市民權路302巷17號1樓 1 樓,4 人,350
115,蔚萊教育有限公司,台灣新北市板橋區 新北市民權路302巷17號1樓 1 樓,25 人,2000
116,玩聚空間,台灣新北市板橋區 新北市民權路302巷17號1樓 1 樓,12 人,400
117,玩聚空間,台灣新北市板橋區 新北市民權路302巷17號1樓 1 樓,18 人,600
118,玩聚空間,台灣新北市板橋區 新北市民權路302巷17號1樓 1 樓,16 人,700
119,玩聚空間,台灣新北市板橋區 新北市民權路302巷17號1樓 1 樓,8 人,240
120,新竹頂贏國際商業股份有限公司,台灣新北市板橋區 新北市民權路302巷17號1樓 1 樓,27 人,450
121,裕豐公寓大廈管理維護股份有限公司,台灣新北市新店區 中興路3段3號 1 樓,500 人,57500
122,智璽會議中心,台灣新北市新店區 中興路3段3號 1 樓,40 人,7000
123,裕豐公寓大廈管理維護股份有限公司,台灣新北市新店區 中興路3段3號 1 樓,80 人,8050
124,萊客共享空間,台灣新北市新店區 中興路3段3號 1 樓,28 人,1200
125,玩聚空間,台灣新北市新店區 中興路3段3號 1 樓,40 人,1500
126,小草知識管理學院（GKM承德教室）,台灣新北市新店區 中興路3段3號 1 樓,100 人,3200
127,吾思學人內湖店,台灣新北市新店區 中興路3段3號 1 樓,25 人,500
128,小角落Hostel & Cafe,台灣新北市新店區 中興路3段3號 1 樓,16 人,1000
129,達睿共享空間,台灣新北市新店區 中興路3段3號 1 樓,50 人,1050
130,智璽會議中心,台灣新北市新店區 中興路3段3號 1 樓,20 人,4800
131,智璽會議中心,台灣臺北市中山區 南京東路二段206號 4 樓之 1,6 人,700
132,智璽會議中心,台灣臺北市中山區 南京東路二段206號 4 樓之 1,6 人,700
133,智璽會議中心,台灣臺北市中山區 南京東路二段206號 4 樓之 1,40 人,9000
134,豐溢創富學苑,台灣臺北市中山區 南京東路二段206號 4 樓之 1,30 人,1800
135,宜蘭人故事館,台灣臺北市中山區 南京東路二段206號 4 樓之 1,180 人,3000
136,宜蘭人故事館,台灣臺北市中山區 南京東路二段206號 4 樓之 1,52 人,5000
137,祥興國際商務中心,台灣臺北市中山區 南京東路二段206號 4 樓之 1,14 人,3000
138,達睿共享空間,台灣臺北市中山區 南京東路二段206號 4 樓之 1,30 人,850
139,達睿共享空間,台灣臺北市中山區 南京東路二段206號 4 樓之 1,40 人,950
140,達睿共享空間,台灣臺北市中山區 南京東路二段206號 4 樓之 1,20 人,750
141,達睿共享空間,台灣高雄市三民區 博愛一路287號 5 樓,6 人,300
142,新竹頂贏國際商業股份有限公司,台灣高雄市三民區 博愛一路287號 5 樓,10 人,300
143,新竹頂贏國際商業股份有限公司,台灣高雄市三民區 博愛一路287號 5 樓,5 人,150
144,24H空間共享,台灣高雄市三民區 博愛一路287號 5 樓,50 人,900
145,艾聚普股份有限公司,台灣高雄市三民區 博愛一路287號 5 樓,30 人,750
146,與點堂,台灣高雄市三民區 博愛一路287號 5 樓,30 人,2000
147,帕帕拉夏音樂學院,台灣高雄市三民區 博愛一路287號 5 樓,30 人,600
148,小草知識管理學院（GKM承德教室）,台灣高雄市三民區 博愛一路287號 5 樓,60 人,2800
149,小草知識管理學院（GKM承德教室）,台灣高雄市三民區 博愛一路287號 5 樓,10 人,1000
150,小草知識管理學院（GKM承德教室）,台灣高雄市三民區 博愛一路287號 5 樓,2 人,800
151,2 SEEDs Brunch,台灣臺北市大安區 大安路一段31巷42號 1 樓,25 人,2000
152,森棠藝術,台灣臺北市大安區 大安路一段31巷42號 1 樓,10 人,150
153,卡卡城,台灣臺北市大安區 大安路一段31巷42號 1 樓,50 人,800
154,ROOM58,台灣臺北市大安區 大安路一段31巷42號 1 樓,8 人,2000
155,Grill Hub 戶外烤肉派對會館,台灣臺北市大安區 大安路一段31巷42號 1 樓,60 人,1500
156,心家,台灣臺北市大安區 大安路一段31巷42號 1 樓,20 人,500
157,24H空間共享,台灣臺北市大安區 大安路一段31巷42號 1 樓,40 人,600
158,威保智能國際商務中心,台灣臺北市大安區 大安路一段31巷42號 1 樓,40 人,500
159,威保智能國際商務中心,台灣臺北市大安區 大安路一段31巷42號 1 樓,24 人,400
160,威保智能國際商務中心,台灣臺北市大安區 大安路一段31巷42號 1 樓,72 人,1000
161,威保智能國際商務中心,台灣高雄市新興區 和平一路199號 12 樓,60 人,900
162,威保智能國際商務中心,台灣高雄市新興區 和平一路199號 12 樓,100 人,1400
163,威保智能國際商務中心,台灣高雄市新興區 和平一路199號 12 樓,16 人,300
164,威保智能國際商務中心,台灣高雄市新興區 和平一路199號 12 樓,4 人,300
165,威保智能國際商務中心,台灣高雄市新興區 和平一路199號 12 樓,2 人,500
166,威保智能國際商務中心,台灣高雄市新興區 和平一路199號 12 樓,4 人,23
167,藝大精品咖啡館,台灣高雄市新興區 和平一路199號 12 樓,35 人,1500
168,Amor Fati 天命酒館,台灣高雄市新興區 和平一路199號 12 樓,25 人,1000
169,思博客商務中心,台灣高雄市新興區 和平一路199號 12 樓,8 人,450
170,ROOM58,台灣高雄市新興區 和平一路199號 12 樓,35 人,3800
171,職初共享藝術空間 JHIH CHU Atelier,台灣新北市中和區 中山路二段296號 7 樓之 2,30 人,2000
172,超越創新健康生活館,台灣新北市中和區 中山路二段296號 7 樓之 2,8 人,300
173,超越創新健康生活館,台灣新北市中和區 中山路二段296號 7 樓之 2,40 人,1000
174,BIBC中山綻國際商務中心,台灣新北市中和區 中山路二段296號 7 樓之 2,14 人,1000
175,BIBC中山綻國際商務中心,台灣新北市中和區 中山路二段296號 7 樓之 2,6 人,600
176,Epic Taipei展演空間,台灣新北市中和區 中山路二段296號 7 樓之 2,500 人,10000
177,桃園市經絡調理服務人員職業工會,台灣新北市中和區 中山路二段296號 7 樓之 2,100 人,3000
178,邊境工作室,台灣新北市中和區 中山路二段296號 7 樓之 2,100 人,2000
179,浩室物業有限公司,台灣新北市中和區 中山路二段296號 7 樓之 2,200 人,2400
180,浩室物業有限公司,台灣新北市中和區 中山路二段296號 7 樓之 2,50 人,4000
181,浩室物業有限公司,台灣臺北市萬華區 昆明街316號地下 1 樓,80 人,8000
182,新浩裕投資發展有限公司,台灣臺北市萬華區 昆明街316號地下 1 樓,8 人,250
183,暖心空間 Cozy Space,台灣臺北市萬華區 昆明街316號地下 1 樓,20 人,1200
184,萊客共享空間,台灣臺北市萬華區 昆明街316號地下 1 樓,220 人,500
185,萊客共享空間,台灣臺北市萬華區 昆明街316號地下 1 樓,20 人,300
186,JUR space 共享空間,台灣臺北市萬華區 昆明街316號地下 1 樓,45 人,1350
187,遇見好課,台灣臺北市萬華區 昆明街316號地下 1 樓,42 人,1200
188,嘎滴狼鐵板手作料理 Gadilung,台灣臺北市萬華區 昆明街316號地下 1 樓,14 人,600
189,冉月工作室,台灣臺北市萬華區 昆明街316號地下 1 樓,25 人,600
190,蕭譯權,台灣臺北市萬華區 昆明街316號地下 1 樓,18 人,360
191,Starterland 新創基地,台灣臺北市松山區 民生東路三段113巷7弄10號 1 樓,8 人,300
192,甜家共同工作空間,台灣臺北市松山區 民生東路三段113巷7弄10號 1 樓,20 人,600
193,甜家共同工作空間,台灣臺北市松山區 民生東路三段113巷7弄10號 1 樓,3 人,300
194,甜家共同工作空間,台灣臺北市松山區 民生東路三段113巷7弄10號 1 樓,6 人,350
195,勾勾婚禮,台灣臺北市松山區 民生東路三段113巷7弄10號 1 樓,150 人,8000
196,Stage咖啡維度聚所,台灣臺北市松山區 民生東路三段113巷7弄10號 1 樓,50 人,5000
197,甜家共同工作空間,台灣臺北市松山區 民生東路三段113巷7弄10號 1 樓,3 人,300
198,甜家共同工作空間,台灣臺北市松山區 民生東路三段113巷7弄10號 1 樓,6 人,350
199,捷運幸福站｜迷你宅,台灣臺北市松山區 民生東路三段113巷7弄10號 1 樓,10 人,900
200,寰宇創新會議中心 UICBC Conference Center,台灣臺北市松山區 民生東路三段113巷7弄10號 1 樓,4 人,300
201,寰宇創新會議中心 UICBC Conference Center,台灣臺北市松山區 民權東路178號 7 樓,6 人,500
202,Sēn yi 森一空間,台灣臺北市松山區 民權東路178號 7 樓,50 人,1500
203,DreamMaker Hub 造夢基地共享空間-台南民族館,台灣臺北市松山區 民權東路178號 7 樓,20 人,300
204,桌弄有限公司,台灣臺北市松山區 民權東路178號 7 樓,40 人,1000
205,艾莎59共享空間,台灣臺北市松山區 民權東路178號 7 樓,6 人,220
206,Real Place場地租借/共享空間,台灣臺北市松山區 民權東路178號 7 樓,40 人,800
207,Real Place場地租借/共享空間,台灣臺北市松山區 民權東路178號 7 樓,15 人,500
208,宅zài風格生活,台灣臺北市松山區 民權東路178號 7 樓,15 人,1200
209,丘琦欣,台灣臺北市松山區 民權東路178號 7 樓,70 人,1700
210,動力家極限運動場,台灣臺北市松山區 民權東路178號 7 樓,80 人,5000
211,歐德職能培訓有限公司,台灣新竹縣竹東鎮 中興路三段114號 1 樓,16 人,1000
212,轉屋,台灣新竹縣竹東鎮 中興路三段114號 1 樓,11 人,600
213,社團法人台灣職業技能訓練學會,台灣新竹縣竹東鎮 中興路三段114號 1 樓,35 人,3000
214,華燈市,台灣新竹縣竹東鎮 中興路三段114號 1 樓,350 人,3200
215,忽然散步店長,台灣新竹縣竹東鎮 中興路三段114號 1 樓,20 人,300
216,睿智國際投資股份有限公司,台灣新竹縣竹東鎮 中興路三段114號 1 樓,35 人,1000
217,聯經出版事業股份有限公司,台灣新竹縣竹東鎮 中興路三段114號 1 樓,60 人,733
218,❤️拾異空間❤️ 松山車站旁_雙捷運+ 台鐵_高CP值教室場地,台灣新竹縣竹東鎮 中興路三段114號 1 樓,10 人,400
219,中台灣創新園區,台灣新竹縣竹東鎮 中興路三段114號 1 樓,14 人,700
220,中台灣創新園區,台灣新竹縣竹東鎮 中興路三段114號 1 樓,48 人,1000
221,拾六 TEA &  SPACE,台灣臺中市豐原區 圓環北路二段16號,20 人,500
222,中台灣創新園區,台灣臺中市豐原區 圓環北路二段16號,30 人,800
223,中台灣創新園區,台灣臺中市豐原區 圓環北路二段16號,48 人,1000
224,中台灣創新園區,台灣臺中市豐原區 圓環北路二段16號,78 人,1800
225,中台灣創新園區,台灣臺中市豐原區 圓環北路二段16號,210 人,2250
226,中台灣創新園區,台灣臺中市豐原區 圓環北路二段16號,250 人,3250
227,金采攝影棚,台灣臺中市豐原區 圓環北路二段16號,25 人,600
228,R23糖倉會展中心,台灣臺中市豐原區 圓環北路二段16號,120 人,3500
229,R23糖倉會展中心,台灣臺中市豐原區 圓環北路二段16號,120 人,9520
230,願由好室,台灣臺中市豐原區 圓環北路二段16號,12 人,700
231,R23糖倉會展中心,台灣高雄市橋頭區 糖廠路24號,350 人,13000
232,R23糖倉會展中心,台灣高雄市橋頭區 糖廠路24號,350 人,65000
233,R23糖倉會展中心,台灣高雄市橋頭區 糖廠路24號,350 人,13500
234,R23糖倉會展中心,台灣高雄市橋頭區 糖廠路24號,100 人,4300
235,凱齡爾靚眼美學中心,台灣高雄市橋頭區 糖廠路24號,60 人,2000
236,可喜空間台南館,台灣高雄市橋頭區 糖廠路24號,20 人,500
237,可喜空間台南館,台灣高雄市橋頭區 糖廠路24號,20 人,500
238,可喜空間台南館,台灣高雄市橋頭區 糖廠路24號,40 人,1000
239,有艇俱樂部,台灣高雄市橋頭區 糖廠路24號,60 人,24000
240,DreamMaker Hub 造夢基地共享空間-台南民族館,台灣高雄市橋頭區 糖廠路24號,20 人,80
241,樂活教室,台灣臺北市內湖區 瑞光路337號 8 樓,20 人,1800
242,Fatty,台灣臺北市內湖區 瑞光路337號 8 樓,30 人,900
243,花彩Suzalon,台灣臺北市內湖區 瑞光路337號 8 樓,30 人,1800
244,Create Cafe 創造咖啡店,台灣臺北市內湖區 瑞光路337號 8 樓,45 人,5000
245,珈拿莊園,台灣臺北市內湖區 瑞光路337號 8 樓,330 人,10000
246,台北市室內設計裝修商業同業公會,台灣臺北市內湖區 瑞光路337號 8 樓,50 人,7000
247,艾瑞瓷精密股份有限公司,台灣臺北市內湖區 瑞光路337號 8 樓,10 人,1000
248,隅生咖啡工作室,台灣臺北市內湖區 瑞光路337號 8 樓,12 人,1000
249,DreamMaker Hub 造夢基地共享空間-台南民族館,台灣臺北市內湖區 瑞光路337號 8 樓,60 人,60
250,獺空間 Aotter Space,台灣臺北市內湖區 瑞光路337號 8 樓,60 人,2300
251,獺空間 Aotter Space,台灣臺北市松山區 光復北路95號 1 樓,4 人,700
252,易棧物業投資顧問有限公司,台灣臺北市松山區 光復北路95號 1 樓,10 人,750
253,⟢ Ｍ號棚攝影棚出租 ⟣,台灣臺北市松山區 光復北路95號 1 樓,15 人,1500
254,左鄰右舍藝文展演空間,台灣臺北市松山區 光復北路95號 1 樓,250 人,12400
255,艾可音樂中心 Artco Music,台灣臺北市松山區 光復北路95號 1 樓,20 人,1500
256,艾可音樂中心 Artco Music,台灣臺北市松山區 光復北路95號 1 樓,8 人,200
257,逸空間 Yi-Spaces,台灣臺北市松山區 光復北路95號 1 樓,60 人,5050
258,逸空間 Yi-Spaces,台灣臺北市松山區 光復北路95號 1 樓,70 人,6000
259,我們的力量股份有限公司,台灣臺北市松山區 光復北路95號 1 樓,150 人,12474
260,夢境花藝,台灣臺北市松山區 光復北路95號 1 樓,10 人,850
261,貓舌頭自助廚房,台灣臺中市北區 忠太東路117號 1 樓,10 人,650
262,Terminal C 兆基國際新創聚落,台灣臺中市北區 忠太東路117號 1 樓,16 人,500
263,Terminal C 兆基國際新創聚落,台灣臺中市北區 忠太東路117號 1 樓,8 人,500
264,左鄰右舍藝文展演空間,台灣臺中市北區 忠太東路117號 1 樓,250 人,12400
265,Le Phare 共享空間 - 新左營館,台灣臺中市北區 忠太東路117號 1 樓,8 人,1500
266,Le Phare 共享空間 - 新左營館,台灣臺中市北區 忠太東路117號 1 樓,8 人,1000
267,BIBC中山綻國際商務中心,台灣臺中市北區 忠太東路117號 1 樓,6 人,600
268,Le Phare 共享空間 - 新左營館,台灣臺中市北區 忠太東路117號 1 樓,50 人,2000
269,Le Phare 共享空間 - 新左營館,台灣臺中市北區 忠太東路117號 1 樓,5 人,500
270,Le Phare 共享空間 - 新左營館,台灣臺中市北區 忠太東路117號 1 樓,100 人,3500
271,Le Phare 共享空間 - 新左營館,台灣高雄市左營區 站前北路1號 4 樓,6 人,500
272,瞇瞇眼遇見花花藝工作室,台灣高雄市左營區 站前北路1號 4 樓,20 人,300
273,無敵海景宅,台灣高雄市左營區 站前北路1號 4 樓,20 人,1500
274,囧貓苑子,台灣高雄市左營區 站前北路1號 4 樓,40 人,1800
275,品空間,台灣高雄市左營區 站前北路1號 4 樓,20 人,1500
276,美學空間「沃德商務中心」,台灣高雄市左營區 站前北路1號 4 樓,8 人,420
277,川端藝會所(廈川玖肆),台灣高雄市左營區 站前北路1號 4 樓,20 人,2000
278,品空間,台灣高雄市左營區 站前北路1號 4 樓,25 人,1600
279,太古華電,台灣高雄市左營區 站前北路1號 4 樓,18 人,1500
280,頭家製造所 l 頭家空間,台灣高雄市左營區 站前北路1號 4 樓,25 人,400
281,洽恰好室,台灣臺北市大安區 信義路三段23之1號 2 樓,20 人,1200
282,boven雜誌圖書館,台灣臺北市大安區 信義路三段23之1號 2 樓,50 人,3150
283,派湃有限公司,台灣臺北市大安區 信義路三段23之1號 2 樓,60 人,1260
284,邱先生,台灣臺北市大安區 信義路三段23之1號 2 樓,20 人,350
285,菲比教室,台灣臺北市大安區 信義路三段23之1號 2 樓,18 人,450
286,療寮,台灣臺北市大安區 信義路三段23之1號 2 樓,30 人,1000
287,火山口 Crater Lounge,台灣臺北市大安區 信義路三段23之1號 2 樓,80 人,1333
288,杰樂文化事業有限公司,台灣臺北市大安區 信義路三段23之1號 2 樓,5 人,400
289,IM國際百老匯,台灣臺北市大安區 信義路三段23之1號 2 樓,50 人,1000
290,IM國際百老匯,台灣臺北市大安區 信義路三段23之1號 2 樓,3 人,200
291,IM國際百老匯,台灣臺北市大安區 安和路一段102巷9號 1 樓,3 人,200
292,IM國際百老匯,台灣臺北市大安區 安和路一段102巷9號 1 樓,12 人,400
293,美學空間「沃德商務中心」,台灣臺北市大安區 安和路一段102巷9號 1 樓,12 人,630
294,千島生活文化有限公司,台灣臺北市大安區 安和路一段102巷9號 1 樓,20 人,800
295,潤昇工作室,台灣臺北市大安區 安和路一段102巷9號 1 樓,50 人,600
296,南村劇場．青鳥．有.設計,台灣臺北市大安區 安和路一段102巷9號 1 樓,120 人,20000
297,千島生活文化有限公司,台灣臺北市大安區 安和路一段102巷9號 1 樓,8 人,400
298,瑪丹林企業社,台灣臺北市大安區 安和路一段102巷9號 1 樓,30 人,2500
299,達人咖啡,台灣臺北市大安區 安和路一段102巷9號 1 樓,18 人,150
300,Drink in >,台灣臺北市大安區 安和路一段102巷9號 1 樓,40 人,1500
301,影響力領袖聯合基地,台灣臺中市西屯區 市政北二路282號 20 樓之 3,30 人,4800
302,中華消防協會,台灣臺中市西屯區 市政北二路282號 20 樓之 3,60 人,1200
303,城理顧問股份有限公司,台灣臺中市西屯區 市政北二路282號 20 樓之 3,172 人,30000
304,城理顧問股份有限公司,台灣臺中市西屯區 市政北二路282號 20 樓之 3,200 人,9000
305,八爪魚創意娛樂行銷有限公司,台灣臺中市西屯區 市政北二路282號 20 樓之 3,20 人,600
306,從前從前劇本館,台灣臺中市西屯區 市政北二路282號 20 樓之 3,8 人,500
307,緯育股份有限公司附設中壢職訓中心,台灣臺中市西屯區 市政北二路282號 20 樓之 3,56 人,1400
308,PiBo Space,台灣臺中市西屯區 市政北二路282號 20 樓之 3,14 人,850
309,城理顧問股份有限公司,台灣臺中市西屯區 市政北二路282號 20 樓之 3,300 人,7500
310,Create Cafe 創造咖啡店,台灣臺中市西屯區 市政北二路282號 20 樓之 3,40 人,3000
311,盈泰物業管理顧問有限公司,台灣新北市板橋區 中正路176號 3 樓,10 人,300
312,喜滿客影城【絕色店】,台灣新北市板橋區 中正路176號 3 樓,6 人,1500
313,GO GYM 健身俱樂部,台灣新北市板橋區 中正路176號 3 樓,12 人,1000
314,EnJoin' x JECHO,台灣新北市板橋區 中正路176號 3 樓,16 人,1300
315,WEIBO商務共享空間,台灣新北市板橋區 中正路176號 3 樓,48 人,800
316,Refine13_coffee,台灣新北市板橋區 中正路176號 3 樓,20 人,2500
317,GO GYM 健身俱樂部,台灣新北市板橋區 中正路176號 3 樓,35 人,2000
318,日日輕居系統傢居,台灣新北市板橋區 中正路176號 3 樓,10 人,700
319,相癒心理諮商所,台灣新北市板橋區 中正路176號 3 樓,4 人,350
320,相癒心理諮商所,台灣新北市板橋區 中正路176號 3 樓,6 人,350
321,相癒心理諮商所,台灣臺中市北區 太原八街110號,10 人,400
322,相癒心理諮商所,台灣臺中市北區 太原八街110號,30 人,800
323,JustCo Taiwan,台灣臺中市北區 太原八街110號,4 人,1365
324,信己有限公司,台灣臺中市北區 太原八街110號,40 人,500
325,信己有限公司,台灣臺中市北區 太原八街110號,15 人,300
326,信己有限公司,台灣臺中市北區 太原八街110號,40 人,500
327,城理顧問股份有限公司,台灣臺中市北區 太原八街110號,190 人,20000
328,城理顧問股份有限公司,台灣臺中市北區 太原八街110號,170 人,20000
329,城理顧問股份有限公司,台灣臺中市北區 太原八街110號,25 人,6000
330,誠品生活武昌店,台灣臺中市北區 太原八街110號,35 人,40000
331,凱娜共享工作室,台灣新北市板橋區 中山路一段129號（樓下店面為出入口） 2 樓,15 人,350
332,葉卷雪茄吧,台灣新北市板橋區 中山路一段129號（樓下店面為出入口） 2 樓,15 人,2000
333,ThERE,台灣新北市板橋區 中山路一段129號（樓下店面為出入口） 2 樓,40 人,3150
334,金鋒山商務中心站前館,台灣新北市板橋區 中山路一段129號（樓下店面為出入口） 2 樓,4 人,200
335,樂客共享空間,台灣新北市板橋區 中山路一段129號（樓下店面為出入口） 2 樓,4 人,200
336,樂客共享空間,台灣新北市板橋區 中山路一段129號（樓下店面為出入口） 2 樓,120 人,2400
337,亞馬遜租借會館,台灣新北市板橋區 中山路一段129號（樓下店面為出入口） 2 樓,15 人,700
338,亞馬遜租借會館,台灣新北市板橋區 中山路一段129號（樓下店面為出入口） 2 樓,60 人,4800
339,亞馬遜租借會館,台灣新北市板橋區 中山路一段129號（樓下店面為出入口） 2 樓,30 人,1050
340,iTinney聽儷科技股份有限公司,台灣新北市板橋區 中山路一段129號（樓下店面為出入口） 2 樓,8 人,800
341,樂客共享空間,台灣臺中市南區 五權南路167號地下 1 樓之 6,120 人,2400
342,亞馬遜租借會館,台灣臺中市南區 五權南路167號地下 1 樓之 6,15 人,700
343,亞馬遜租借會館,台灣臺中市南區 五權南路167號地下 1 樓之 6,60 人,4800
344,亞馬遜租借會館,台灣臺中市南區 五權南路167號地下 1 樓之 6,30 人,1050
345,iTinney聽儷科技股份有限公司,台灣臺中市南區 五權南路167號地下 1 樓之 6,8 人,800
346,大道咖啡 Avenue Cafe,台灣臺中市南區 五權南路167號地下 1 樓之 6,150 人,1000
347,艾客發國際有限公司,台灣臺中市南區 五權南路167號地下 1 樓之 6,30 人,2500
348,金鋒山商務中心站前館,台灣臺中市南區 五權南路167號地下 1 樓之 6,15 人,480
349,金鋒山商務中心站前館,台灣臺中市南區 五權南路167號地下 1 樓之 6,1 人,200
350,HOWSHOW共享空間,台灣臺中市南區 五權南路167號地下 1 樓之 6,8 人,380
351,HOWSHOW共享空間,台灣桃園市中壢區 中央西路一段1號4樓 4 樓 小型面談 室,4 人,180
352,HOWSHOW共享空間,台灣桃園市中壢區 中央西路一段1號4樓 4 樓 小型面談 室,1 人,100
353,豐揚資產管理有限公司,台灣桃園市中壢區 中央西路一段1號4樓 4 樓 小型面談 室,20 人,4000
354,喬陽出租空間,台灣桃園市中壢區 中央西路一段1號4樓 4 樓 小型面談 室,45 人,1000
355,閣樓 AtticRoom,台灣桃園市中壢區 中央西路一段1號4樓 4 樓 小型面談 室,30 人,400
356,善鈺實業有限公司,台灣桃園市中壢區 中央西路一段1號4樓 4 樓 小型面談 室,100 人,3500
357,The M,台灣桃園市中壢區 中央西路一段1號4樓 4 樓 小型面談 室,10 人,1000
358,TGH 攀登社,台灣桃園市中壢區 中央西路一段1號4樓 4 樓 小型面談 室,25 人,400
359,臺南市立游泳池,台灣桃園市中壢區 中央西路一段1號4樓 4 樓 小型面談 室,15 人,300
360,豪所在,台灣桃園市中壢區 中央西路一段1號4樓 4 樓 小型面談 室,50 人,1200
361,篤行生活股份有限公司,台灣臺中市中區 篤行路13-19號 (2-4F) 2 樓,50 人,1000
362,貓領事館,台灣臺中市中區 篤行路13-19號 (2-4F) 2 樓,26 人,1000
363,貓領事館,台灣臺中市中區 篤行路13-19號 (2-4F) 2 樓,26 人,500
364,環時好室,台灣臺中市中區 篤行路13-19號 (2-4F) 2 樓,30 人,1700
365,菲比教室,台灣臺中市中區 篤行路13-19號 (2-4F) 2 樓,30 人,700
366,火山口 Crater Lounge,台灣臺中市中區 篤行路13-19號 (2-4F) 2 樓,40 人,1333
367,深思國際文化,台灣臺中市中區 篤行路13-19號 (2-4F) 2 樓,20 人,450
368,深思國際文化,台灣臺中市中區 篤行路13-19號 (2-4F) 2 樓,20 人,600
369,品空間,台灣臺中市中區 篤行路13-19號 (2-4F) 2 樓,35 人,2000
370,sunple攝影棚空間出租,台灣臺中市中區 篤行路13-19號 (2-4F) 2 樓,6 人,800
371,長春國際青年商會,台灣臺北市中山區 建國北路三段26號 4 樓,40 人,450
372,艾加二影像行銷有限公司,台灣臺北市中山區 建國北路三段26號 4 樓,10 人,500
373,微資有限公司,台灣臺北市中山區 建國北路三段26號 4 樓,20 人,800
374,JR場地教室租借,台灣臺北市中山區 建國北路三段26號 4 樓,200 人,5800
375,FASER Taipei,台灣臺北市中山區 建國北路三段26號 4 樓,100 人,8000
376,旭晟國際商務中心,台灣臺北市中山區 建國北路三段26號 4 樓,12 人,200
377,三元及第-台南班,台灣臺北市中山區 建國北路三段26號 4 樓,90 人,800
378,心享世澄股份有限公司,台灣臺北市中山區 建國北路三段26號 4 樓,43 人,650
379,上古國際藝術,台灣臺北市中山區 建國北路三段26號 4 樓,50 人,3000
380,震大國際會議中心,台灣臺北市中山區 建國北路三段26號 4 樓,180 人,7000
381,震大國際會議中心,台灣臺中市梧棲區 築港路100號 2 樓 201 室,58 人,11200
382,震大國際會議中心,台灣臺中市梧棲區 築港路100號 2 樓 201 室,34 人,7000
383,震大國際會議中心,台灣臺中市梧棲區 築港路100號 2 樓 201 室,36 人,7000
384,震大國際會議中心,台灣臺中市梧棲區 築港路100號 2 樓 201 室,66 人,17500
385,震大國際會議中心,台灣臺中市梧棲區 築港路100號 2 樓 201 室,120 人,22400
386,震大國際會議中心,台灣臺中市梧棲區 築港路100號 2 樓 201 室,30 人,7000
387,震大國際會議中心,台灣臺中市梧棲區 築港路100號 2 樓 201 室,30 人,7000
388,Fish花藝教室,台灣臺中市梧棲區 築港路100號 2 樓 201 室,6 人,350
389,合和拾間,台灣臺中市梧棲區 築港路100號 2 樓 201 室,10 人,750
390,小船故事館,台灣臺中市梧棲區 築港路100號 2 樓 201 室,40 人,2000
391,桃知道文創生活廣場,台灣桃園市桃園區 桃園市桃園區南平路303號 2 樓,800 人,30000
392,筋輕鬆 筋膜放鬆按摩工作室,台灣桃園市桃園區 桃園市桃園區南平路303號 2 樓,7 人,250
393,百樂大廈管理委員會,台灣桃園市桃園區 桃園市桃園區南平路303號 2 樓,10 人,500
394,博思維商務空間,台灣桃園市桃園區 桃園市桃園區南平路303號 2 樓,30 人,315
395,After Atelier,台灣桃園市桃園區 桃園市桃園區南平路303號 2 樓,15 人,555
396,Olala Homes,台灣桃園市桃園區 桃園市桃園區南平路303號 2 樓,10 人,1000
397,三元及第文教機構(嘉義區),台灣桃園市桃園區 桃園市桃園區南平路303號 2 樓,60 人,1800
398,三元及第文教機構(嘉義區),台灣桃園市桃園區 桃園市桃園區南平路303號 2 樓,30 人,1600
399,誠遠國際商務中心,台灣桃園市桃園區 桃園市桃園區南平路303號 2 樓,70 人,10
400,富YES創新創業中心,台灣桃園市桃園區 桃園市桃園區南平路303號 2 樓,60 人,5000
401,睦月設計,台灣臺北市大同區 延平北路三段61巷36號 1 樓,5 人,1000
402,睦月設計,台灣臺北市大同區 延平北路三段61巷36號 1 樓,10 人,1500
403,留白計畫股份有限公司,台灣臺北市大同區 延平北路三段61巷36號 1 樓,30 人,3000
404,花甲1962-文化創業聚落,台灣臺北市大同區 延平北路三段61巷36號 1 樓,55 人,4500
405,T恤手造館,台灣臺北市大同區 延平北路三段61巷36號 1 樓,100 人,900
406,享玩桌遊－中壢中原店,台灣臺北市大同區 延平北路三段61巷36號 1 樓,50 人,1500
407,樂舒康有限公司,台灣臺北市大同區 延平北路三段61巷36號 1 樓,8 人,150
408,樂舒康有限公司,台灣臺北市大同區 延平北路三段61巷36號 1 樓,25 人,500
409,玖蒔玖house99,台灣臺北市大同區 延平北路三段61巷36號 1 樓,40 人,3500
410,磐石文創空間,台灣臺北市大同區 延平北路三段61巷36號 1 樓,40 人,350
411,智璽會所,台灣臺中市烏日區 三榮南路1號 4 樓 8 室,50 人,1600
412,愛說心理工作室,台灣臺中市烏日區 三榮南路1號 4 樓 8 室,30 人,1500
413,【巷子裡的魚】,台灣臺中市烏日區 三榮南路1號 4 樓 8 室,20 人,900
414,留白計畫股份有限公司,台灣臺中市烏日區 三榮南路1號 4 樓 8 室,60 人,5000
415,砌光室,台灣臺中市烏日區 三榮南路1號 4 樓 8 室,15 人,1200
416,D.LAB 商務空間,台灣臺中市烏日區 三榮南路1號 4 樓 8 室,40 人,10000
417,留白計畫股份有限公司,台灣臺中市烏日區 三榮南路1號 4 樓 8 室,30 人,3500
418,留白計畫股份有限公司,台灣臺中市烏日區 三榮南路1號 4 樓 8 室,60 人,4000
419,留白計畫股份有限公司,台灣臺中市烏日區 三榮南路1號 4 樓 8 室,50 人,4000
420,Stage咖啡維度聚所,台灣臺中市烏日區 三榮南路1號 4 樓 8 室,6 人,250
421,昇恆昌內湖旗艦店,台灣臺北市內湖區 金莊路129號 5 樓,200 人,5000
422,DreamMaker Hub 造夢基地共享空間-高雄凱旋館,台灣臺北市內湖區 金莊路129號 5 樓,40 人,600
423,角落桌遊X人生交換所,台灣臺北市內湖區 金莊路129號 5 樓,5 人,250
424,角落桌遊X人生交換所,台灣臺北市內湖區 金莊路129號 5 樓,8 人,400
425,角落桌遊X人生交換所,台灣臺北市內湖區 金莊路129號 5 樓,6 人,300
426,黑豆幫咖啡Bean Gang Cafe,台灣臺北市內湖區 金莊路129號 5 樓,35 人,1000
427,合樂音樂文理教室,台灣臺北市內湖區 金莊路129號 5 樓,2 人,100
428,魯克海斯有限公司,台灣臺北市內湖區 金莊路129號 5 樓,15 人,800
429,台中三元及第教室管理組,台灣臺北市內湖區 金莊路129號 5 樓,65 人,900
430,欣講堂,台灣臺北市內湖區 金莊路129號 5 樓,40 人,5000
431,Stage咖啡維度聚所,台灣臺北市中山區 中山北路一段73號 2 樓,12 人,2000
432,Stage咖啡維度聚所,台灣臺北市中山區 中山北路一段73號 2 樓,40 人,5000
433,朗朗愛閱基地,台灣臺北市中山區 中山北路一段73號 2 樓,35 人,1000
434,WE-club,台灣臺北市中山區 中山北路一段73號 2 樓,20 人,300
435,Sunny Side,台灣臺北市中山區 中山北路一段73號 2 樓,80 人,1000
436,老窖室空間出租管理平台,台灣臺北市中山區 中山北路一段73號 2 樓,80 人,4000
437,豐溢創富學苑,台灣臺北市中山區 中山北路一段73號 2 樓,30 人,1000
438,玉成隔壁,台灣臺北市中山區 中山北路一段73號 2 樓,150 人,3600
439,Olala Homes,台灣臺北市中山區 中山北路一段73號 2 樓,10 人,7500
440,Olala Homes,台灣臺北市中山區 中山北路一段73號 2 樓,10 人,7500
441,Olala Homes,台灣新北市板橋區 館前西路213巷7號 4 樓 1 室,10 人,7500
442,三元及第文教機構,台灣新北市板橋區 館前西路213巷7號 4 樓 1 室,100 人,1000
443,BigBoyRoom,台灣新北市板橋區 館前西路213巷7號 4 樓 1 室,20 人,2000
444,主婦聯盟環境保護基金會台中分事務所,台灣新北市板橋區 館前西路213巷7號 4 樓 1 室,40 人,1725
445,UNO ONCE,台灣新北市板橋區 館前西路213巷7號 4 樓 1 室,10 人,900
446,鼎合創意國際有限公司,台灣新北市板橋區 館前西路213巷7號 4 樓 1 室,20 人,4500
447,UNO ONCE,台灣新北市板橋區 館前西路213巷7號 4 樓 1 室,10 人,1500
448,迷錄影像製作LoStudio,台灣新北市板橋區 館前西路213巷7號 4 樓 1 室,6 人,200
449,迷錄影像製作LoStudio,台灣新北市板橋區 館前西路213巷7號 4 樓 1 室,8 人,250
450,三元及第文教機構,台灣新北市板橋區 館前西路213巷7號 4 樓 1 室,150 人,1200
451,好映故事廣告創意有限公司,台灣臺北市信義區 松德路36號 11 樓,30 人,800
452,嘉俬房 ＆ other Art things,台灣臺北市信義區 松德路36號 11 樓,50 人,900
453,美麗島站11號出口10秒鐘,台灣臺北市信義區 松德路36號 11 樓,60 人,3000
454,千島生活文化有限公司,台灣臺北市信義區 松德路36號 11 樓,10 人,500
455,Coffee Shock 飛行咖啡吧,台灣臺北市信義區 松德路36號 11 樓,15 人,2000
456,7ann8 舞蹈教室,台灣臺北市信義區 松德路36號 11 樓,22 人,700
457,月立方整合行銷有限公司,台灣臺北市信義區 松德路36號 11 樓,10 人,1000
458,雙子星鉅石陣,台灣臺北市信義區 松德路36號 11 樓,50 人,1200
459,墨匠所共創空間,台灣臺北市信義區 松德路36號 11 樓,20 人,3000
460,微光空間,台灣臺北市信義區 松德路36號 11 樓,20 人,350
461,康晟開發建設,台灣桃園市中壢區 內定里內定七街，十八街交界 1 樓,15 人,400
462,府都建設One+_All for kids,台灣桃園市中壢區 內定里內定七街，十八街交界 1 樓,160 人,3000
463,凱恩國際聯合商務中心有限公司,台灣桃園市中壢區 內定里內定七街，十八街交界 1 樓,8 人,600
464,狄克與我,台灣桃園市中壢區 內定里內定七街，十八街交界 1 樓,15 人,3000
465,粉絲奇蹟共享空間,台灣桃園市中壢區 內定里內定七街，十八街交界 1 樓,50 人,1500
466,社團法人中華心起點協會,台灣桃園市中壢區 內定里內定七街，十八街交界 1 樓,30 人,450
467,夢想空間-台南商務中心,台灣桃園市中壢區 內定里內定七街，十八街交界 1 樓,52 人,3900
468,夢想空間-台南商務中心,台灣桃園市中壢區 內定里內定七街，十八街交界 1 樓,51 人,3120
469,夢想空間-台南商務中心,台灣桃園市中壢區 內定里內定七街，十八街交界 1 樓,33 人,2600
470,夢想空間-台南商務中心,台灣桃園市中壢區 內定里內定七街，十八街交界 1 樓,28 人,2340
471,夢想空間-台南商務中心,台灣臺南市中西區 中正路240號 6 樓,33 人,2080
472,月立方整合行銷有限公司,台灣臺南市中西區 中正路240號 6 樓,5 人,800
473,月立方整合行銷有限公司,台灣臺南市中西區 中正路240號 6 樓,20 人,1500
474,高雄場地出租-神蹟奇室複合式商務空間,台灣臺南市中西區 中正路240號 6 樓,15 人,800
475,將將好。共享空間,台灣臺南市中西區 中正路240號 6 樓,70 人,1600
476,將將好。共享空間,台灣臺南市中西區 中正路240號 6 樓,40 人,1500
477,將將好。共享空間,台灣臺南市中西區 中正路240號 6 樓,10 人,800
478,Bouti Space,台灣臺南市中西區 中正路240號 6 樓,20 人,1500
479,Bouti Space,台灣臺南市中西區 中正路240號 6 樓,2 人,200
480,Bouti Space,台灣臺南市中西區 中正路240號 6 樓,4 人,400
481,Bouti Space,台灣臺北市中正區 重慶南路一段7號,6 人,600
482,MicMind Studio,台灣臺北市中正區 重慶南路一段7號,4 人,500
483,MicMind Studio,台灣臺北市中正區 重慶南路一段7號,3 人,600
484,MicMind Studio,台灣臺北市中正區 重慶南路一段7號,3 人,600
485,MicMind Studio,台灣臺北市中正區 重慶南路一段7號,4 人,700
486,MicMind Studio,台灣臺北市中正區 重慶南路一段7號,5 人,800
487,MicMind Studio,台灣臺北市中正區 重慶南路一段7號,8 人,900
488,水澐靝茶舖xMUMU,台灣臺北市中正區 重慶南路一段7號,12 人,800
489,板橋民權202共享空間 | 時租 | 會議室,台灣臺北市中正區 重慶南路一段7號,26 人,1050
490,水澐靝茶舖xMUMU,台灣臺北市中正區 重慶南路一段7號,16 人,1000
491,萊客廚房,台灣高雄市鳳山區 五甲二路242號(八方雲集旁) 1 樓,30 人,2400
492,臺中市影視發展基金會,台灣高雄市鳳山區 五甲二路242號(八方雲集旁) 1 樓,30 人,2500
493,臺中市影視發展基金會,台灣高雄市鳳山區 五甲二路242號(八方雲集旁) 1 樓,36 人,5500
494,費拉拉咖啡,台灣高雄市鳳山區 五甲二路242號(八方雲集旁) 1 樓,15 人,500
495,誠遠國際商務中心,台灣高雄市鳳山區 五甲二路242號(八方雲集旁) 1 樓,15 人,2000
496,管理部,台灣高雄市鳳山區 五甲二路242號(八方雲集旁) 1 樓,100 人,4000
497,皇家ntc商務中心,台灣高雄市鳳山區 五甲二路242號(八方雲集旁) 1 樓,15 人,500
498,欣宇音療中心,台灣高雄市鳳山區 五甲二路242號(八方雲集旁) 1 樓,40 人,1260
499,頭嵙859 景觀餐廳,台灣高雄市鳳山區 五甲二路242號(八方雲集旁) 1 樓,20 人,4500
500,中華全球人才職能培育發展協會,台灣高雄市鳳山區 五甲二路242號(八方雲集旁) 1 樓,30 人,1500
501,皇家ntc商務中心,台灣臺中市西屯區 朝馬七街1號 3 樓,15 人,700
502,皇家ntc商務中心,台灣臺中市西屯區 朝馬七街1號 3 樓,15 人,900
503,皇家ntc商務中心,台灣臺中市西屯區 朝馬七街1號 3 樓,6 人,300
504,騰久國際有限公司,台灣臺中市西屯區 朝馬七街1號 3 樓,30 人,150
505,好的運動 NiceSports 帕菲克運動基地,台灣臺中市西屯區 朝馬七街1號 3 樓,400 人,10000
506,亞地巿場研究顧問,台灣臺中市西屯區 朝馬七街1號 3 樓,14 人,1100
507,Queen7 舞蹈工作室,台灣臺中市西屯區 朝馬七街1號 3 樓,15 人,500
508,Mossy Lab,台灣臺中市西屯區 朝馬七街1號 3 樓,20 人,800
509,箏工坊KOTOMUSIC,台灣臺中市西屯區 朝馬七街1號 3 樓,10 人,200
510,上古國際藝術,台灣臺中市西屯區 朝馬七街1號 3 樓,50 人,2000
511,秘書店 Meet store,台灣嘉義市東區 中山路201號 3 樓,8 人,1495
512,秘書店 Meet store,台灣嘉義市東區 中山路201號 3 樓,10 人,1725
513,秘書店 Meet store,台灣嘉義市東區 中山路201號 3 樓,25 人,2875
514,秘書店 Meet store,台灣嘉義市東區 中山路201號 3 樓,80 人,7800
515,秘書店 Meet store,台灣嘉義市東區 中山路201號 3 樓,4 人,390
516,拿鐵健身工作室,台灣嘉義市東區 中山路201號 3 樓,10 人,2000
517,快點行銷有限公司,台灣嘉義市東區 中山路201號 3 樓,10 人,700
518,莎樂坊早午餐,台灣嘉義市東區 中山路201號 3 樓,20 人,600
519,快點行銷有限公司,台灣嘉義市東區 中山路201號 3 樓,6 人,450
520,快點行銷有限公司,台灣嘉義市東區 中山路201號 3 樓,6 人,450
521,Kris-Studio場地出租,台灣臺北市內湖區 新明路295巷一號 1 樓之 1,20 人,2500
522,KAO CUP COFFEE,台灣臺北市內湖區 新明路295巷一號 1 樓之 1,30 人,1000
523,嘉夢創意數位有限公司,台灣臺北市內湖區 新明路295巷一號 1 樓之 1,8 人,900
524,高大宜音樂教育中心 建國店,台灣臺北市內湖區 新明路295巷一號 1 樓之 1,25 人,250
525,CLUB零,台灣臺北市內湖區 新明路295巷一號 1 樓之 1,55 人,12500
526,挑食pickfood早午餐,台灣臺北市內湖區 新明路295巷一號 1 樓之 1,8 人,450
527,朝馬場地出租-全新裝修,台灣臺北市內湖區 新明路295巷一號 1 樓之 1,20 人,300
528,禾弦行銷,台灣臺北市內湖區 新明路295巷一號 1 樓之 1,6 人,250
529,成果行銷有限公司,台灣臺北市內湖區 新明路295巷一號 1 樓之 1,60 人,7875
530,成果行銷有限公司,台灣臺北市內湖區 新明路295巷一號 1 樓之 1,60 人,7875
531,乖獸廚房派對,台灣臺南市中西區 湖美二街62巷5號,20 人,1500
532,路易莎桂林店,台灣臺南市中西區 湖美二街62巷5號,50 人,3000
533,瑞彼兔空享空間,台灣臺南市中西區 湖美二街62巷5號,11 人,300
534,思博客商務中心,台灣臺南市中西區 湖美二街62巷5號,14 人,450
535,愛恩街舞學院,台灣臺南市中西區 湖美二街62巷5號,15 人,610
536,台南茶酒公司ＴＴＢＣ,台灣臺南市中西區 湖美二街62巷5號,10 人,1500
537,木作森活,台灣臺南市中西區 湖美二街62巷5號,20 人,1300
538,飛達集團,台灣臺南市中西區 湖美二街62巷5號,64 人,2800
539,快意管理顧問股份有限公司,台灣臺南市中西區 湖美二街62巷5號,100 人,800
540,大樹下音樂工作坊,台灣臺南市中西區 湖美二街62巷5號,30 人,2600
541,大樹下音樂工作坊,台灣臺中市南屯區 南屯路二段290號 4 樓,30 人,2600
542,Mini_space,台灣臺中市南屯區 南屯路二段290號 4 樓,20 人,300
543,喆寓房屋管理,台灣臺中市南屯區 南屯路二段290號 4 樓,10 人,500
544,馜享空間,台灣臺中市南屯區 南屯路二段290號 4 樓,15 人,600
545,美術館共享空間,台灣臺中市南屯區 南屯路二段290號 4 樓,20 人,2000
546,慕光生活,台灣臺中市南屯區 南屯路二段290號 4 樓,33 人,1000
547,HAO.SPACE,台灣臺中市南屯區 南屯路二段290號 4 樓,35 人,2500
548,戶戶工作室,台灣臺中市南屯區 南屯路二段290號 4 樓,25 人,330
549,馬賽克音樂故事屋,台灣臺中市南屯區 南屯路二段290號 4 樓,80 人,1000
550,日富空間,台灣臺中市南屯區 南屯路二段290號 4 樓,5 人,320
551,日富空間,台灣臺北市中正區 漢口街一段3號 7 樓,4 人,200
552,日富空間,台灣臺北市中正區 漢口街一段3號 7 樓,12 人,360
553,臺北記憶倉庫,台灣臺北市中正區 漢口街一段3號 7 樓,50 人,8400
554,日富空間,台灣臺北市中正區 漢口街一段3號 7 樓,6 人,225
555,日富空間,台灣臺北市中正區 漢口街一段3號 7 樓,12 人,400
556,日富空間,台灣臺北市中正區 漢口街一段3號 7 樓,2 人,120
557,FRIDA CHEN 時髦製造所,台灣臺北市中正區 漢口街一段3號 7 樓,20 人,1200
558,雁域文化中心,台灣臺北市中正區 漢口街一段3號 7 樓,30 人,550
559,蕭譯權,台灣臺北市中正區 漢口街一段3號 7 樓,6 人,324
560,藝術報國基地 Ars Association Base,台灣臺北市中正區 漢口街一段3號 7 樓,25 人,500
561,蕭譯權,台灣臺中市大里區 塗城路511號 2 樓 深療空間 室,6 人,315
562,蕭譯權,台灣臺中市大里區 塗城路511號 2 樓 深療空間 室,6 人,270
563,UArea,台灣臺中市大里區 塗城路511號 2 樓 深療空間 室,30 人,850
564,魔方小天地,台灣臺中市大里區 塗城路511號 2 樓 深療空間 室,30 人,300
565,朗朗愛閱基地,台灣臺中市大里區 塗城路511號 2 樓 深療空間 室,20 人,800
566,信仰體育,台灣臺中市大里區 塗城路511號 2 樓 深療空間 室,140 人,3000
567,凝聚力音樂娛樂,台灣臺中市大里區 塗城路511號 2 樓 深療空間 室,150 人,23300
568,凝聚力音樂娛樂,台灣臺中市大里區 塗城路511號 2 樓 深療空間 室,80 人,9500
569,凝聚力音樂娛樂,台灣臺中市大里區 塗城路511號 2 樓 深療空間 室,10 人,300
570,文羅創藝社,台灣臺中市大里區 塗城路511號 2 樓 深療空間 室,15 人,350
571,無礦-野茶‧僻靜之所,台灣新北市三峽區 圳頭119 之 1,40 人,4000
572,無礦-野茶‧僻靜之所,台灣新北市三峽區 圳頭119 之 1,50 人,4500
573,無礦-野茶‧僻靜之所,台灣新北市三峽區 圳頭119 之 1,50 人,5500
574,無礦-野茶‧僻靜之所,台灣新北市三峽區 圳頭119 之 1,60 人,4500
575,無礦-野茶‧僻靜之所,台灣新北市三峽區 圳頭119 之 1,100 人,7000
576,無礦-野茶‧僻靜之所,台灣新北市三峽區 圳頭119 之 1,150 人,11200
577,小型會議室出租,台灣新北市三峽區 圳頭119 之 1,30 人,3000
578,榮耀基金會,台灣新北市三峽區 圳頭119 之 1,45 人,10000
579,富爾捷企業有限公司,台灣新北市三峽區 圳頭119 之 1,150 人,5000
580,臺北表演藝術中心場地業務組,台灣新北市三峽區 圳頭119 之 1,100 人,10000
581,臺北表演藝術中心場地業務組,台灣臺北市士林區 劍潭路1號 11 樓,100 人,16000
582,台灣櫞詢股份有限公司,台灣臺北市士林區 劍潭路1號 11 樓,16 人,1000
583,Art2咖啡館租借空間,台灣臺北市士林區 劍潭路1號 11 樓,30 人,1500
584,台北鬧中取靜之溫馨小棧,台灣臺北市士林區 劍潭路1號 11 樓,8 人,400
585,駿斯運動事業股份有限公司,台灣臺北市士林區 劍潭路1號 11 樓,25 人,2000
586,環亞國際商務中心,台灣臺北市士林區 劍潭路1號 11 樓,8 人,1200
587,環亞國際商務中心,台灣臺北市士林區 劍潭路1號 11 樓,9 人,1200
588,環亞國際商務中心,台灣臺北市士林區 劍潭路1號 11 樓,5 人,500
589,環亞國際商務中心,台灣臺北市士林區 劍潭路1號 11 樓,40 人,4000
590,環亞國際商務中心,台灣臺北市士林區 劍潭路1號 11 樓,8 人,1800
591,MUCHA穆夏空間租借,台灣臺南市安平區 光州二街142號 2 樓,50 人,500
592,頭城烏石港姆卡室內草皮空間,台灣臺南市安平區 光州二街142號 2 樓,15 人,1300
593,不小心創作社,台灣臺南市安平區 光州二街142號 2 樓,20 人,450
594,食樂好事PLUS,台灣臺南市安平區 光州二街142號 2 樓,120 人,1400
595,MRT文創 古亭6號空間,台灣臺南市安平區 光州二街142號 2 樓,16 人,450
596,MRT文創 古亭6號空間,台灣臺南市安平區 光州二街142號 2 樓,19 人,450
597,澔享會議中心,台灣臺南市安平區 光州二街142號 2 樓,50 人,6500
598,JAM18共享空間,台灣臺南市安平區 光州二街142號 2 樓,12 人,600
599,JAM18共享空間,台灣臺南市安平區 光州二街142號 2 樓,3 人,800
600,木蘭回家文創藝術沙龍,台灣臺南市安平區 光州二街142號 2 樓,30 人,5000
601,黑熊學院教室租借處,台灣臺北市中正區 武昌街一段18號 3 樓,60 人,2000
602,延平路二段324號,台灣臺北市中正區 武昌街一段18號 3 樓,40 人,500
603,築夢工場生態農場,台灣臺北市中正區 武昌街一段18號 3 樓,200 人,4000
604,信二家廚 Shinji Living,台灣臺北市中正區 武昌街一段18號 3 樓,30 人,1000
605,捌月商務中心,台灣臺北市中正區 武昌街一段18號 3 樓,8 人,1000
606,盈泰物業管理顧問有限公司,台灣臺北市中正區 武昌街一段18號 3 樓,30 人,400
607,宅zài風格生活,台灣臺北市中正區 武昌街一段18號 3 樓,25 人,1000
608,&PaRK,台灣臺北市中正區 武昌街一段18號 3 樓,40 人,700
609,HER SPACE空間出租,台灣臺北市中正區 武昌街一段18號 3 樓,20 人,3200
610,浩室物業有限公司,台灣臺北市中正區 武昌街一段18號 3 樓,8 人,2000
611,J WOW Cafe/Bistro 酒窩餐酒館,台灣臺北市大安區 安和路二段213號1F,60 人,40000
612,擊客基地GeekBase,台灣臺北市大安區 安和路二段213號1F,20 人,500
613,擊客基地GeekBase,台灣臺北市大安區 安和路二段213號1F,30 人,500
614,擊客基地GeekBase,台灣臺北市大安區 安和路二段213號1F,50 人,3500
615,擊客基地GeekBase,台灣臺北市大安區 安和路二段213號1F,80 人,2000
616,Hour Jungle東寧館,台灣臺北市大安區 安和路二段213號1F,15 人,450
617,Hour Jungle東寧館,台灣臺北市大安區 安和路二段213號1F,30 人,600
618,老宅方生活實驗室,台灣臺北市大安區 安和路二段213號1F,10 人,250
619,心晨餐飲股份有限公司,台灣臺北市大安區 安和路二段213號1F,40 人,1000
620,乘興院 Whims Taiwan,台灣臺北市大安區 安和路二段213號1F,80 人,18000
621,昕群音樂展演教學中心,台灣彰化縣彰化市 埔西街28號2F,2 人,235
622,道騰國際商務中心#時租/日租/會議空間/新潮辦公,台灣彰化縣彰化市 埔西街28號2F,48 人,900
623,道騰國際商務中心#時租/日租/會議空間/新潮辦公,台灣彰化縣彰化市 埔西街28號2F,28 人,700
624,道騰國際商務中心#時租/日租/會議空間/新潮辦公,台灣彰化縣彰化市 埔西街28號2F,30 人,800
625,SV科學歌唱｜SV音樂學院,台灣彰化縣彰化市 埔西街28號2F,20 人,400
626,SV科學歌唱｜SV音樂學院,台灣彰化縣彰化市 埔西街28號2F,20 人,600
627,營運部,台灣彰化縣彰化市 埔西街28號2F,16 人,1200
628,ALIEN LOUNGE,台灣彰化縣彰化市 埔西街28號2F,60 人,4500
629,孟德爾頌音樂藝術,台灣彰化縣彰化市 埔西街28號2F,80 人,1333
630,WORKINBAR 基隆創業商務空間,台灣彰化縣彰化市 埔西街28號2F,40 人,2000
631,南村劇場．青鳥．有.設計,台灣臺北市大安區 建國南路一段177號 ( 臺灣當代文化實驗場 C-LAB - 中正堂 ),350 人,100000
632,哈斯葵洋酒,台灣臺北市大安區 建國南路一段177號 ( 臺灣當代文化實驗場 C-LAB - 中正堂 ),30 人,1100
633,歐珀拉有限公司,台灣臺北市大安區 建國南路一段177號 ( 臺灣當代文化實驗場 C-LAB - 中正堂 ),300 人,20000
634,多扶學堂,台灣臺北市大安區 建國南路一段177號 ( 臺灣當代文化實驗場 C-LAB - 中正堂 ),40 人,5000
635,愚樂軒,台灣臺北市大安區 建國南路一段177號 ( 臺灣當代文化實驗場 C-LAB - 中正堂 ),20 人,300
636,後台Backstage,台灣臺北市大安區 建國南路一段177號 ( 臺灣當代文化實驗場 C-LAB - 中正堂 ),180 人,5000
637,AI商務中心,台灣臺北市大安區 建國南路一段177號 ( 臺灣當代文化實驗場 C-LAB - 中正堂 ),25 人,1400
638,紙飛機長照科技股份有限公司,台灣臺北市大安區 建國南路一段177號 ( 臺灣當代文化實驗場 C-LAB - 中正堂 ),61 人,3500
639,風尚生活stylish Golf Art Wine Club,台灣臺北市大安區 建國南路一段177號 ( 臺灣當代文化實驗場 C-LAB - 中正堂 ),25 人,1500
640,ALIEN LOUNGE,台灣臺北市大安區 建國南路一段177號 ( 臺灣當代文化實驗場 C-LAB - 中正堂 ),40 人,3000
641,自信星舞蹈工作室,台灣桃園市龜山區 文學路240號 1 樓,20 人,400
642,邸TaiDang創生基地,台灣桃園市龜山區 文學路240號 1 樓,12 人,1000
643,雲康國際學苑,台灣桃園市龜山區 文學路240號 1 樓,20 人,900
644,雲康國際學苑,台灣桃園市龜山區 文學路240號 1 樓,16 人,800
645,DEC Taipei 早上出租空間,台灣桃園市龜山區 文學路240號 1 樓,45 人,2000
646,玩樂倉庫複合式桌球館,台灣桃園市龜山區 文學路240號 1 樓,30 人,300
647,蕭希如,台灣桃園市龜山區 文學路240號 1 樓,15 人,900
648,舊監更生島,台灣桃園市龜山區 文學路240號 1 樓,24 人,1700
649,皇家NTC商務中心,台灣桃園市龜山區 文學路240號 1 樓,6 人,750
650,基泰國際會議中心,台灣桃園市龜山區 文學路240號 1 樓,16 人,2200
651,Lukumades,台灣臺北市信義區 信義區忠孝東路四段553巷20號 1 樓,20 人,1000
652,動感光波股份有限公司,台灣臺北市信義區 信義區忠孝東路四段553巷20號 1 樓,50 人,1625
653,卡卡城永和店,台灣臺北市信義區 信義區忠孝東路四段553巷20號 1 樓,70 人,60
654,艾萊家有限公司,台灣臺北市信義區 信義區忠孝東路四段553巷20號 1 樓,80 人,2000
655,曲羨空間,台灣臺北市信義區 信義區忠孝東路四段553巷20號 1 樓,20 人,600
656,青銅視覺藝術,台灣臺北市信義區 信義區忠孝東路四段553巷20號 1 樓,40 人,800
657,駱駝英文顧問工作室,台灣臺北市信義區 信義區忠孝東路四段553巷20號 1 樓,16 人,800
658,Monospace 共同工作空間,台灣臺北市信義區 信義區忠孝東路四段553巷20號 1 樓,8 人,550
659,美閣共享空間,台灣臺北市信義區 信義區忠孝東路四段553巷20號 1 樓,15 人,1200
660,三道門建築文創旅店,台灣臺北市信義區 信義區忠孝東路四段553巷20號 1 樓,36 人,1400
661,溫室派對,台灣臺北市中正區 廈門街123巷2號 1 樓,30 人,1300
662,Sunday Morning,台灣臺北市中正區 廈門街123巷2號 1 樓,50 人,1500
663,四藝有限公司,台灣臺北市中正區 廈門街123巷2號 1 樓,30 人,700
664,Aec愛齒特美學教育學院,台灣臺北市中正區 廈門街123巷2號 1 樓,35 人,4000
665,FlexSpace,台灣臺北市中正區 廈門街123巷2號 1 樓,20 人,1000
666,當你盛開時藝術空間 Blooming Art Space,台灣臺北市中正區 廈門街123巷2號 1 樓,16 人,400
667,當你盛開時藝術空間 Blooming Art Space,台灣臺北市中正區 廈門街123巷2號 1 樓,3 人,200
668,FlexSpace,台灣臺北市中正區 廈門街123巷2號 1 樓,12 人,500
669,FlexSpace,台灣臺北市中正區 廈門街123巷2號 1 樓,3 人,500
670,潼樂空間商行,台灣臺北市中正區 廈門街123巷2號 1 樓,20 人,700
671,露比夫人吃做買,台灣嘉義市西區 遠東街50號 2 樓,60 人,1800
672,露比夫人吃做買,台灣嘉義市西區 遠東街50號 2 樓,30 人,1500
673,露比夫人吃做買,台灣嘉義市西區 遠東街50號 2 樓,30 人,900
674,雅雅運動彩券行,台灣嘉義市西區 遠東街50號 2 樓,6 人,300
675,theMEDIAN,台灣嘉義市西區 遠東街50號 2 樓,80 人,2500
676,法文邂逅,台灣嘉義市西區 遠東街50號 2 樓,14 人,800
677,空白場域 [ Blank Space ],台灣嘉義市西區 遠東街50號 2 樓,50 人,900
678,JUR space 共享空間,台灣嘉義市西區 遠東街50號 2 樓,30 人,1200
679,芯流生活股份有限公司,台灣嘉義市西區 遠東街50號 2 樓,15 人,400
680,遠見領袖中心,台灣嘉義市西區 遠東街50號 2 樓,60 人,6900
681,真璞藝術有限公司,台灣高雄市前鎮區 一心二路33號 12 樓,100 人,450
682,回然慢時旅居,台灣高雄市前鎮區 一心二路33號 12 樓,30 人,500
683,T恤手造館,台灣高雄市前鎮區 一心二路33號 12 樓,42 人,600
684,際域身心靈共享空間,台灣高雄市前鎮區 一心二路33號 12 樓,12 人,400
685,際域身心靈共享空間,台灣高雄市前鎮區 一心二路33號 12 樓,6 人,300
686,際域身心靈共享空間,台灣高雄市前鎮區 一心二路33號 12 樓,5 人,200
687,際域身心靈共享空間,台灣高雄市前鎮區 一心二路33號 12 樓,12 人,400
688,T恤手造館,台灣高雄市前鎮區 一心二路33號 12 樓,32 人,700
689,浸劇場,台灣高雄市前鎮區 一心二路33號 12 樓,50 人,1000
690,浸劇場,台灣高雄市前鎮區 一心二路33號 12 樓,25 人,650
691,浸劇場,台灣高雄市鼓山區 慶豐街18號 2 樓,15 人,400
692,禾曼咖啡餐廳,台灣高雄市鼓山區 慶豐街18號 2 樓,80 人,800
693,浸劇場,台灣高雄市鼓山區 慶豐街18號 2 樓,10 人,350
694,24open photostudio攝影棚場地出租,台灣高雄市鼓山區 慶豐街18號 2 樓,30 人,1500
695,遠見領袖中心,台灣高雄市鼓山區 慶豐街18號 2 樓,120 人,15800
696,愛裡‧時氣味藝術場地租借,台灣高雄市鼓山區 慶豐街18號 2 樓,30 人,3000
697,愛裡‧時氣味藝術場地租借,台灣高雄市鼓山區 慶豐街18號 2 樓,40 人,3000
698,VIVI DANCE舞蹈空間,台灣高雄市鼓山區 慶豐街18號 2 樓,30 人,700
699,都有時,台灣高雄市鼓山區 慶豐街18號 2 樓,20 人,2000
700,兩半茶,台灣高雄市鼓山區 慶豐街18號 2 樓,40 人,600
701,Design For Taiwan / 飛捷文教基金會,台灣臺北市中山區 松江路63巷7-1號 1 樓,80 人,1250
702,臺北創新實驗室,台灣臺北市中山區 松江路63巷7-1號 1 樓,200 人,12000
703,枋子林甜點語言,台灣臺北市中山區 松江路63巷7-1號 1 樓,13 人,800
704,原在工作室,台灣臺北市中山區 松江路63巷7-1號 1 樓,80 人,700
705,湧金啤酒,台灣臺北市中山區 松江路63巷7-1號 1 樓,20 人,600
706,河岸蘭亭,台灣臺北市中山區 松江路63巷7-1號 1 樓,20 人,1800
707,沐晨相寓,台灣臺北市中山區 松江路63巷7-1號 1 樓,30 人,1000
708,新創無界,台灣臺北市中山區 松江路63巷7-1號 1 樓,30 人,1750
709,影想力 影音創作共享工作室,台灣臺北市中山區 松江路63巷7-1號 1 樓,4 人,400
710,影想力 影音創作共享工作室,台灣臺北市中山區 松江路63巷7-1號 1 樓,2 人,300
711,香傳,台灣高雄市左營區 文慈路118號 2 樓,25 人,500
712,島瑜珈工作室,台灣高雄市左營區 文慈路118號 2 樓,15 人,500
713,空白場域 [ Blank Space ],台灣高雄市左營區 文慈路118號 2 樓,10 人,400
714,影想力 影音創作共享工作室,台灣高雄市左營區 文慈路118號 2 樓,10 人,500
715,優生教育股份有限公司,台灣高雄市左營區 文慈路118號 2 樓,25 人,450
716,頤珍宮膳,台灣高雄市左營區 文慈路118號 2 樓,30 人,1666
717,和處BNB,台灣高雄市左營區 文慈路118號 2 樓,25 人,800
718,sunnymoondeco,台灣高雄市左營區 文慈路118號 2 樓,20 人,650
719,禾三千 庭園景觀 藝文空間,台灣高雄市左營區 文慈路118號 2 樓,40 人,1000
720,慕溪園 Mercy Café,台灣高雄市左營區 文慈路118號 2 樓,40 人,800
721,慕溪園 Mercy Café,台灣新竹縣竹北市 高鐵一路13號 1 樓,20 人,500
722,喜陽能源科技股份有限公司,台灣新竹縣竹北市 高鐵一路13號 1 樓,30 人,1000
723,酒吧空間租借,台灣新竹縣竹北市 高鐵一路13號 1 樓,45 人,8000
724,森活家,台灣新竹縣竹北市 高鐵一路13號 1 樓,40 人,5000
725,心之谷永續教育園區,台灣新竹縣竹北市 高鐵一路13號 1 樓,120 人,2250
726,心之谷永續教育園區,台灣新竹縣竹北市 高鐵一路13號 1 樓,50 人,1200
727,盈泰物業管理顧問有限公司,台灣新竹縣竹北市 高鐵一路13號 1 樓,16 人,300
728,栗子派對,台灣新竹縣竹北市 高鐵一路13號 1 樓,20 人,800
729,JR場地教室租借,台灣新竹縣竹北市 高鐵一路13號 1 樓,75 人,3500
730,JR場地教室租借,台灣新竹縣竹北市 高鐵一路13號 1 樓,52 人,3000
731,萬華育樂中心,台灣臺北市萬華區 昆明街30-1號 5 樓,20 人,1200
732,麥味登北市同德店,台灣臺北市萬華區 昆明街30-1號 5 樓,40 人,2000
733,沃客國際商務中心,台灣臺北市萬華區 昆明街30-1號 5 樓,8 人,800
734,圓滿會,台灣臺北市萬華區 昆明街30-1號 5 樓,20 人,3500
735,善導寺舞蹈教室,台灣臺北市萬華區 昆明街30-1號 5 樓,15 人,300
736,Este día 這一天異國廚房,台灣臺北市萬華區 昆明街30-1號 5 樓,24 人,1250
737,二三啪星雲工作室,台灣臺北市萬華區 昆明街30-1號 5 樓,3 人,300
738,住商北區巨兆店,台灣臺北市萬華區 昆明街30-1號 5 樓,30 人,500
739,嗨翻桌遊,台灣臺北市萬華區 昆明街30-1號 5 樓,10 人,120
740,新裕興咖啡,台灣臺北市萬華區 昆明街30-1號 5 樓,27 人,1200
741,弓炬計畫工作坊,台灣新北市板橋區 漢生東路113巷6弄1號地下 1 樓,80 人,1000
742,Yo幼食光親子教室,台灣新北市板橋區 漢生東路113巷6弄1號地下 1 樓,20 人,350
743,大夢想家音樂推廣中心,台灣新北市板橋區 漢生東路113巷6弄1號地下 1 樓,40 人,800
744,眾聲服飾股份有限公司大坪林門市,台灣新北市板橋區 漢生東路113巷6弄1號地下 1 樓,50 人,2750
745,全心場地租借,台灣新北市板橋區 漢生東路113巷6弄1號地下 1 樓,25 人,650
746,日谷空間,台灣新北市板橋區 漢生東路113巷6弄1號地下 1 樓,35 人,300
747,HonnBar,台灣新北市板橋區 漢生東路113巷6弄1號地下 1 樓,30 人,900
748,VAVIN酒盒子,台灣新北市板橋區 漢生東路113巷6弄1號地下 1 樓,60 人,30000
749,K-Space,台灣新北市板橋區 漢生東路113巷6弄1號地下 1 樓,10 人,300
750,巷弄長壽,台灣新北市板橋區 漢生東路113巷6弄1號地下 1 樓,25 人,1500
751,福品文創療癒所,台灣新北市板橋區 中山路一段265巷2弄1號 2 樓,30 人,3000
752,肯園國際股份有限公司,台灣新北市板橋區 中山路一段265巷2弄1號 2 樓,24 人,2100
753,織光苑行政,台灣新北市板橋區 中山路一段265巷2弄1號 2 樓,10 人,1200
754,G&G Host,台灣新北市板橋區 中山路一段265巷2弄1號 2 樓,100 人,30000
755,粼光影像製作,台灣新北市板橋區 中山路一段265巷2弄1號 2 樓,35 人,500
756,Midoli藝術創作中心,台灣新北市板橋區 中山路一段265巷2弄1號 2 樓,10 人,500
757,嗨翻桌遊,台灣新北市板橋區 中山路一段265巷2弄1號 2 樓,30 人,900
758,達風多元整規劃公司行政總管,台灣新北市板橋區 中山路一段265巷2弄1號 2 樓,30 人,2000
759,樂客共享空間,台灣新北市板橋區 中山路一段265巷2弄1號 2 樓,80 人,1100
760,樂客共享空間,台灣新北市板橋區 中山路一段265巷2弄1號 2 樓,100 人,1500
761,山禾苑｜Yard Sunrise,台灣臺北市士林區 芝玉路一段28號 1 樓,12 人,650
762,山禾苑｜Yard Sunrise,台灣臺北市士林區 芝玉路一段28號 1 樓,20 人,1000
763,勤華場地租借,台灣臺北市士林區 芝玉路一段28號 1 樓,50 人,999
764,樂生活學苑,台灣臺北市士林區 芝玉路一段28號 1 樓,12 人,1200
765,棚場攝影棚,台灣臺北市士林區 芝玉路一段28號 1 樓,25 人,420
766,樂翼食光,台灣臺北市士林區 芝玉路一段28號 1 樓,50 人,3000
767,成果行銷有限公司,台灣臺北市士林區 芝玉路一段28號 1 樓,15 人,1050
768,山禾苑｜Yard Sunrise,台灣臺北市士林區 芝玉路一段28號 1 樓,40 人,1800
769,SOSi FOTO 台北,台灣臺北市士林區 芝玉路一段28號 1 樓,20 人,3000
770,黑羚商務中心,台灣臺北市士林區 芝玉路一段28號 1 樓,10 人,600
771,勤華場地租借,台灣桃園市中壢區 中央東路88號 11 樓之 1,40 人,999
772,黑羚商務中心,台灣桃園市中壢區 中央東路88號 11 樓之 1,10 人,700
773,黑羚商務中心,台灣桃園市中壢區 中央東路88號 11 樓之 1,10 人,700
774,黑羚商務中心,台灣桃園市中壢區 中央東路88號 11 樓之 1,10 人,700
775,黑羚商務中心,台灣桃園市中壢區 中央東路88號 11 樓之 1,4 人,500
776,勤華場地租借,台灣桃園市中壢區 中央東路88號 11 樓之 1,40 人,999
777,血本無歸有限公司,台灣桃園市中壢區 中央東路88號 11 樓之 1,30 人,3000
778,梅栖長期照顧有限公司,台灣桃園市中壢區 中央東路88號 11 樓之 1,31 人,420
779,酒池肉林物產社,台灣桃園市中壢區 中央東路88號 11 樓之 1,20 人,1500
780,酒池肉林物產社,台灣桃園市中壢區 中央東路88號 11 樓之 1,15 人,1500
781,上島MUC咖啡廳,台灣臺南市安平區 安北路98號 1 樓,50 人,1600
782,森活商務中心,台灣臺南市安平區 安北路98號 1 樓,30 人,2500
783,森活商務中心,台灣臺南市安平區 安北路98號 1 樓,15 人,1250
784,派湃有限公司,台灣臺南市安平區 安北路98號 1 樓,25 人,700
785,派湃有限公司,台灣臺南市安平區 安北路98號 1 樓,8 人,400
786,思辨空間,台灣臺南市安平區 安北路98號 1 樓,70 人,5000
787,博思維商務空間-日商打造/近中央公園捷運,台灣臺南市安平區 安北路98號 1 樓,6 人,315
788,禹通,台灣臺南市安平區 安北路98號 1 樓,40 人,1000
789,JustCo Taiwan,台灣臺南市安平區 安北路98號 1 樓,6 人,1638
790,JustCo Taiwan,台灣臺南市安平區 安北路98號 1 樓,50 人,10920
791,JustCo Taiwan,台灣臺北市松山區 民生東路三段156號 9 樓,4 人,1365
792,JustCo Taiwan,台灣臺北市松山區 民生東路三段156號 9 樓,4 人,1365
793,JustCo Taiwan,台灣臺北市松山區 民生東路三段156號 9 樓,4 人,1365
794,JustCo Taiwan,台灣臺北市松山區 民生東路三段156號 9 樓,6 人,1638
795,JustCo Taiwan,台灣臺北市松山區 民生東路三段156號 9 樓,14 人,2730
796,JustCo Taiwan,台灣臺北市松山區 民生東路三段156號 9 樓,50 人,10920
797,JustCo Taiwan,台灣臺北市松山區 民生東路三段156號 9 樓,6 人,1638
798,JustCo Taiwan,台灣臺北市松山區 民生東路三段156號 9 樓,6 人,1638
799,JustCo Taiwan,台灣臺北市松山區 民生東路三段156號 9 樓,6 人,1638
800,JustCo Taiwan,台灣臺北市松山區 民生東路三段156號 9 樓,10 人,2730
801,蘭陽花鳥園民宿方,台灣宜蘭縣礁溪鄉 武暖路94之25號 1 樓,60 人,1000
802,良一直播基地,台灣宜蘭縣礁溪鄉 武暖路94之25號 1 樓,10 人,1200
803,良一直播基地,台灣宜蘭縣礁溪鄉 武暖路94之25號 1 樓,10 人,1200
804,JustCo Taiwan,台灣宜蘭縣礁溪鄉 武暖路94之25號 1 樓,10 人,2730
805,良一直播基地,台灣宜蘭縣礁溪鄉 武暖路94之25號 1 樓,10 人,1400
806,JustCo Taiwan,台灣宜蘭縣礁溪鄉 武暖路94之25號 1 樓,40 人,6825
807,JustCo Taiwan,台灣宜蘭縣礁溪鄉 武暖路94之25號 1 樓,50 人,10920
808,JustCo Taiwan,台灣宜蘭縣礁溪鄉 武暖路94之25號 1 樓,6 人,1638
809,JustCo Taiwan,台灣宜蘭縣礁溪鄉 武暖路94之25號 1 樓,8 人,1638
810,JustCo Taiwan,台灣宜蘭縣礁溪鄉 武暖路94之25號 1 樓,18 人,4410
811,JustCo Taiwan,台灣新竹縣竹北市 高鐵東二路6號 5 樓,50 人,4988
812,絲昆忒Secret,台灣新竹縣竹北市 高鐵東二路6號 5 樓,25 人,8500
813,JustCo Taiwan,台灣新竹縣竹北市 高鐵東二路6號 5 樓,6 人,1638
814,臺灣行銷研究有限公司,台灣新竹縣竹北市 高鐵東二路6號 5 樓,15 人,1500
815,敦煌音樂有限公司,台灣新竹縣竹北市 高鐵東二路6號 5 樓,100 人,4500
816,得力文創科技,台灣新竹縣竹北市 高鐵東二路6號 5 樓,45 人,1800
817,摸咖啡MoreCafe,台灣新竹縣竹北市 高鐵東二路6號 5 樓,15 人,1500
818,胖鬣蜥城市特寵餐廳,台灣新竹縣竹北市 高鐵東二路6號 5 樓,30 人,750
819,通豪大飯店,台灣新竹縣竹北市 高鐵東二路6號 5 樓,400 人,2500
820,PiBo Space,台灣新竹縣竹北市 高鐵東二路6號 5 樓,22 人,1100
821,Escada Rockin 搖滾階梯咖啡,台灣新北市永和區 光明里國光路21號地下 1 樓,18 人,700
822,詹哲凡,台灣新北市永和區 光明里國光路21號地下 1 樓,40 人,350
823,詹哲凡,台灣新北市永和區 光明里國光路21號地下 1 樓,80 人,3000
824,四號公園文創,台灣新北市永和區 光明里國光路21號地下 1 樓,487 人,28000
825,H gallery,台灣新北市永和區 光明里國光路21號地下 1 樓,10 人,1500
826,四號公園文創,台灣新北市永和區 光明里國光路21號地下 1 樓,100 人,5000
827,大果文化,台灣新北市永和區 光明里國光路21號地下 1 樓,20 人,500
828,多點肉股份有限公司,台灣新北市永和區 光明里國光路21號地下 1 樓,15 人,450
829,彭格商務中心 桃園中壢館,台灣新北市永和區 光明里國光路21號地下 1 樓,20 人,800
830,彭格商務中心 苗栗頭份館,台灣新北市永和區 光明里國光路21號地下 1 樓,6 人,500
831,春日好日中山店,台灣臺北市中山區 中山北路一段126巷16號1樓及B1地下 1 樓,30 人,1000
832,陳實商行,台灣臺北市中山區 中山北路一段126巷16號1樓及B1地下 1 樓,22 人,1000
833,艾迪亞居家,台灣臺北市中山區 中山北路一段126巷16號1樓及B1地下 1 樓,4 人,350
834,艾迪亞居家,台灣臺北市中山區 中山北路一段126巷16號1樓及B1地下 1 樓,8 人,500
835,艾迪亞居家,台灣臺北市中山區 中山北路一段126巷16號1樓及B1地下 1 樓,16 人,500
836,敦煌音樂有限公司,台灣臺北市中山區 中山北路一段126巷16號1樓及B1地下 1 樓,9 人,3000
837,MurderGentle優雅沉浸式劇本遊戲體驗館,台灣臺北市中山區 中山北路一段126巷16號1樓及B1地下 1 樓,10 人,1500
838,SEMI CLUB,台灣臺北市中山區 中山北路一段126巷16號1樓及B1地下 1 樓,60 人,40000
839,合一生活股份有限公司,台灣臺北市中山區 中山北路一段126巷16號1樓及B1地下 1 樓,50 人,900
840,鈊樹會議室,台灣臺北市中山區 中山北路一段126巷16號1樓及B1地下 1 樓,30 人,500
841,nueve,台灣臺北市松山區 民生東路三段130巷18弄9號1樓 1 樓,25 人,1200
842,nueve,台灣臺北市松山區 民生東路三段130巷18弄9號1樓 1 樓,25 人,1200
843,ZASHARE雜學校,台灣臺北市松山區 民生東路三段130巷18弄9號1樓 1 樓,30 人,1500
844,ZASHARE雜學校,台灣臺北市松山區 民生東路三段130巷18弄9號1樓 1 樓,20 人,3000
845,POM共享商務空間,台灣臺北市松山區 民生東路三段130巷18弄9號1樓 1 樓,20 人,3000
846,台北月讀館,台灣臺北市松山區 民生東路三段130巷18弄9號1樓 1 樓,30 人,3200
847,北極星共享空間,台灣臺北市松山區 民生東路三段130巷18弄9號1樓 1 樓,18 人,2500
848,北極星共享空間,台灣臺北市松山區 民生東路三段130巷18弄9號1樓 1 樓,30 人,2500
849,POM共享商務空間,台灣臺北市松山區 民生東路三段130巷18弄9號1樓 1 樓,4 人,17500
850,POM共享商務空間,台灣臺北市松山區 民生東路三段130巷18弄9號1樓 1 樓,4 人,17500
851,POM共享商務空間,台灣高雄市三民區 九如二路255之5號 14 樓,15 人,3000
852,思辨空間,台灣高雄市三民區 九如二路255之5號 14 樓,4 人,500
853,思辨空間,台灣高雄市三民區 九如二路255之5號 14 樓,3 人,500
854,思辨空間,台灣高雄市三民區 九如二路255之5號 14 樓,3 人,500
855,宓空間,台灣高雄市三民區 九如二路255之5號 14 樓,6 人,500
856,可喜空間台北館,台灣高雄市三民區 九如二路255之5號 14 樓,30 人,1000
857,馮源創意整合有限公司,台灣高雄市三民區 九如二路255之5號 14 樓,8 人,450
858,馮源創意整合有限公司,台灣高雄市三民區 九如二路255之5號 14 樓,6 人,300
859,理想間 Fancy space,台灣高雄市三民區 九如二路255之5號 14 樓,100 人,2000
860,TTM共享空間,台灣高雄市三民區 九如二路255之5號 14 樓,15 人,380
861,炘睿生醫股份有限公司,台灣臺中市南屯區 益豐路四段388號 1 樓,50 人,3000
862,鹿之助茶屋,台灣臺中市南屯區 益豐路四段388號 1 樓,10 人,1500
863,簡單漢堡,台灣臺中市南屯區 益豐路四段388號 1 樓,20 人,800
864,MurderGentle優雅沉浸式劇本遊戲體驗館,台灣臺中市南屯區 益豐路四段388號 1 樓,8 人,1500
865,MurderGentle優雅沉浸式劇本遊戲體驗館,台灣臺中市南屯區 益豐路四段388號 1 樓,10 人,1500
866,MurderGentle優雅沉浸式劇本遊戲體驗館,台灣臺中市南屯區 益豐路四段388號 1 樓,8 人,1500
867,MurderGentle優雅沉浸式劇本遊戲體驗館,台灣臺中市南屯區 益豐路四段388號 1 樓,12 人,1500
868,ICE LIGHT 輕食咖啡雪冰優格,台灣臺中市南屯區 益豐路四段388號 1 樓,25 人,500
869,一週七日桌遊空間,台灣臺中市南屯區 益豐路四段388號 1 樓,8 人,200
870,吾家,台灣臺中市南屯區 益豐路四段388號 1 樓,50 人,1000
871,放空好地方,台灣臺北市大安區 信義路四段265巷12弄21號 1 樓,28 人,1000
872,尚學實驗有限公司,台灣臺北市大安區 信義路四段265巷12弄21號 1 樓,40 人,900
873,長弘商務中心,台灣臺北市大安區 信義路四段265巷12弄21號 1 樓,60 人,1800
874,亮亮健康樂園,台灣臺北市大安區 信義路四段265巷12弄21號 1 樓,30 人,500
875,MurderGentle優雅沉浸式劇本遊戲體驗館,台灣臺北市大安區 信義路四段265巷12弄21號 1 樓,8 人,1500
876,FarFar軟裝教育機構,台灣臺北市大安區 信義路四段265巷12弄21號 1 樓,30 人,1600
877,良師塾人文食飲,台灣臺北市大安區 信義路四段265巷12弄21號 1 樓,20 人,600
878,良師塾人文食飲,台灣臺北市大安區 信義路四段265巷12弄21號 1 樓,40 人,1500
879,安億360人文空間,台灣臺北市大安區 信義路四段265巷12弄21號 1 樓,12 人,600
880,A CUT FILM 艾克映像,台灣臺北市大安區 信義路四段265巷12弄21號 1 樓,30 人,1000
881,誠遠國際商務中心,台灣臺北市大安區 安和路一段27號15樓,4 人,600
882,2013藝術空間,台灣臺北市大安區 安和路一段27號15樓,100 人,1200
883,2013藝術空間,台灣臺北市大安區 安和路一段27號15樓,70 人,1500
884,2013藝術空間,台灣臺北市大安區 安和路一段27號15樓,8 人,300
885,2013藝術空間,台灣臺北市大安區 安和路一段27號15樓,15 人,600
886,2013藝術空間,台灣臺北市大安區 安和路一段27號15樓,20 人,1000
887,壢翔通訊處,台灣臺北市大安區 安和路一段27號15樓,30 人,250
888,讀者城市閱讀文創館,台灣臺北市大安區 安和路一段27號15樓,1 人,400
889,MIXTIO 秘地餐廳,台灣臺北市大安區 安和路一段27號15樓,76 人,2500
890,騰潛事業有限公司,台灣臺北市大安區 安和路一段27號15樓,10 人,250
891,讀者城市閱讀文創館,台灣屏東縣屏東市 民生路4-17號,70 人,3500
892,悅然療癒空間,台灣屏東縣屏東市 民生路4-17號,8 人,349
893,藝磊國際人文空間,台灣屏東縣屏東市 民生路4-17號,33 人,500
894,masemase樹懶,台灣屏東縣屏東市 民生路4-17號,30 人,350
895,小馬廄｜攝影棚‧藝文空間出租,台灣屏東縣屏東市 民生路4-17號,50 人,1200
896,岱樂加藝術【藝文創意空間租借】,台灣屏東縣屏東市 民生路4-17號,70 人,1000
897,摩茲工寮 Mozilla Community Space Taipei,台灣屏東縣屏東市 民生路4-17號,15 人,1
898,高雄車站NO.1會議/場地/職訓/教室附空調*近火車捷運站,台灣屏東縣屏東市 民生路4-17號,20 人,700
899,1+1 Together Republic Cafe,台灣屏東縣屏東市 民生路4-17號,35 人,1000
900,1+1 Together Republic Cafe,台灣屏東縣屏東市 民生路4-17號,8 人,350
901,嘉寀萌商務中心-玻璃帷幕研習教室-提供免費地下室平面車位  每時段4小時 平日2000 假日2500,台灣臺中市北區 中清路一段89號 15 樓,30 人,500
902,嘉寀萌商務中心-大開放百人空間-提供免費平面車位-平日4小時3000元 假日4小時4000元,台灣臺中市北區 中清路一段89號 15 樓,100 人,750
903,嘉寀萌商務中心-小型會議與研習空間 每時段4小時 平日1000 假日1200,台灣臺中市北區 中清路一段89號 15 樓,10 人,300
904,藏風藝文空間,台灣臺中市北區 中清路一段89號 15 樓,40 人,500
905,藏風藝文空間,台灣臺中市北區 中清路一段89號 15 樓,64 人,625
906,台中最便宜會議室出租（平日一小時350，可容納30人),台灣臺中市北區 中清路一段89號 15 樓,35 人,350
907,GSR 藝術空間,台灣臺中市北區 中清路一段89號 15 樓,22 人,400
908,GSR 藝術空間,台灣臺中市北區 中清路一段89號 15 樓,40 人,600
909,台中場地租借~趙老師台中舞蹈教室出租,台灣臺中市北區 中清路一段89號 15 樓,25 人,350
910,崇友人文講堂,台灣臺中市北區 中清路一段89號 15 樓,60 人,1450
911,高雄車站NO.1會議/場地/職訓/教室附空調*近火車捷運站,台灣高雄市三民區 九如二路255-1號 12 樓,100 人,1500
912,高雄車站NO.1會議/場地/職訓/教室附空調*近火車捷運站,台灣高雄市三民區 九如二路255-1號 12 樓,35 人,1200
913,TCCC台灣文創訓練中心-台南擎天自助館,台灣高雄市三民區 九如二路255-1號 12 樓,60 人,2200
914,寰宇創新會議中心 UICBC Conference Center,台灣高雄市三民區 九如二路255-1號 12 樓,12 人,1000
915,TCCC台灣文創訓練中心-台北松江館751空間,台灣高雄市三民區 九如二路255-1號 12 樓,75 人,3300
916,做做手藝X體驗空間,台灣高雄市三民區 九如二路255-1號 12 樓,120 人,1333
917,多用途空間出租/大橋頭一分鐘,台灣高雄市三民區 九如二路255-1號 12 樓,30 人,700
918,天使生活館,台灣高雄市三民區 九如二路255-1號 12 樓,80 人,3000
919,TCCC台灣文創訓練中心-台北松江館755空間,台灣高雄市三民區 九如二路255-1號 12 樓,39 人,1700
920,TCCC台灣文創訓練中心-台北松江館753空間,台灣高雄市三民區 九如二路255-1號 12 樓,59 人,2200
921,TCCC台灣文創訓練中心-台北松江館754空間,台灣臺北市中山區 松江路131號 7 樓 之1 室,52 人,2200
922,TCCC台灣文創訓練中心-台北松江館752空間,台灣臺北市中山區 松江路131號 7 樓 之1 室,50 人,2200
923,不鳥穀共同工作空間(漢口分店)、多功能場地、會議室、淋浴與休息,台灣臺北市中山區 松江路131號 7 樓 之1 室,28 人,250
924,❤️拾異空間❤️ 松山車站旁_雙捷運+ 台鐵_高CP值教室場地,台灣臺北市中山區 松江路131號 7 樓 之1 室,90 人,4095
925,奇遇果人文行旅,台灣臺北市中山區 松江路131號 7 樓 之1 室,24 人,600
926,CLAPPER STUDIO,台灣臺北市中山區 松江路131號 7 樓 之1 室,400 人,90000
927,CLAPPER THEATER,台灣臺北市中山區 松江路131號 7 樓 之1 室,109 人,5000
928,樂翻休閒會所,台灣臺北市中山區 松江路131號 7 樓 之1 室,50 人,800
929,橙藝共同創作空間,台灣臺北市中山區 松江路131號 7 樓 之1 室,120 人,1100
930,橙藝共同創作空間,台灣臺北市中山區 松江路131號 7 樓 之1 室,12 人,275
931,TCCC台灣文創訓練中心-台中新創館0303空間,台灣臺中市西區 台灣大道二段2號 3 樓之 3,30 人,1700
932,TCCC台灣文創訓練中心-台中新創館0304空間,台灣臺中市西區 台灣大道二段2號 3 樓之 3,24 人,1800
933,TCCC台灣文創訓練中心-台中新創館0305空間,台灣臺中市西區 台灣大道二段2號 3 樓之 3,30 人,1900
934,TCCC台灣文創訓練中心-台中新創館0306空間,台灣臺中市西區 台灣大道二段2號 3 樓之 3,24 人,1800
935,TCCC台灣文創訓練中心-台中新創館0307空間,台灣臺中市西區 台灣大道二段2號 3 樓之 3,64 人,2400
936,ApexView 極目空間,台灣臺中市西區 台灣大道二段2號 3 樓之 3,7 人,200
937,YESPACE場地租借,台灣臺中市西區 台灣大道二段2號 3 樓之 3,50 人,13000
938,YESPACE場地租借,台灣臺中市西區 台灣大道二段2號 3 樓之 3,50 人,13000
939,YESPACE場地租借,台灣臺中市西區 台灣大道二段2號 3 樓之 3,50 人,13000
940,YESPACE場地租借,台灣臺中市西區 台灣大道二段2號 3 樓之 3,70 人,6500
941,YESPACE場地租借,台灣臺北市松山區 寧安街12號地下 1 樓,70 人,8000
942,台灣職業技能訓練學會~近桃園火車站步行10分鐘,台灣臺北市松山區 寧安街12號地下 1 樓,30 人,350
943,TCCC台灣文創訓練中心-台中新創館0305+0306(合併空間),台灣臺北市松山區 寧安街12號地下 1 樓,70 人,3700
944,TCCC台灣文創訓練中心-台中新創館0303+0304(合併空間),台灣臺北市松山區 寧安街12號地下 1 樓,70 人,3700
945,禪風會館,台灣臺北市松山區 寧安街12號地下 1 樓,60 人,600
946,星諾文創咖啡,台灣臺北市松山區 寧安街12號地下 1 樓,44 人,1000
947,東豐喜空間-近捷運、平價優惠、空間彈性、師大附近,台灣臺北市松山區 寧安街12號地下 1 樓,15 人,400
948,樂生活學苑,台灣臺北市松山區 寧安街12號地下 1 樓,45 人,187
949,Wee聯合辦公室 Wee coworking Lab 【 中正店 】,台灣臺北市松山區 寧安街12號地下 1 樓,60 人,1667
950,高雄高鐵站前訓練中心-高雄場地/教室租借,台灣臺北市松山區 寧安街12號地下 1 樓,20 人,500
951,高雄高鐵站前訓練中心-高雄場地/教室租借,台灣高雄市左營區 重惠街201號 1 樓,20 人,1500
952,仙人掌桌遊空間,台灣高雄市左營區 重惠街201號 1 樓,60 人,550
953,心徑空間,台灣高雄市左營區 重惠街201號 1 樓,20 人,500
954,Wee聯合辦公室 Wee coworking Lab 【 中正店 】,台灣高雄市左營區 重惠街201號 1 樓,24 人,600
955,Wee聯合辦公室 Wee coworking Lab 【 中正店 】,台灣高雄市左營區 重惠街201號 1 樓,40 人,1200
956,奧兒享空間 Our Salon│高雄最美空間,台灣高雄市左營區 重惠街201號 1 樓,100 人,1400
957,【維熹科技大樓】計時包場方案,台灣高雄市左營區 重惠街201號 1 樓,116 人,8000
958,藝秀設計影像工作室,台灣高雄市左營區 重惠街201號 1 樓,50 人,900
959,東豐喜空間-近捷運、平價優惠、空間彈性、師大附近,台灣高雄市左營區 重惠街201號 1 樓,30 人,600
960,東豐喜空間-近捷運、平價優惠、空間彈性、師大附近,台灣高雄市左營區 重惠街201號 1 樓,18 人,400
961,台槓創新HUB,台灣高雄市新興區 民權一路251號 20 樓,55 人,3500
962,【Yuan Shih】場地教室、會議室出租 0~8人包場方案,台灣高雄市新興區 民權一路251號 20 樓,8 人,250
963,台北市站前-高規格電腦教室,台灣高雄市新興區 民權一路251號 20 樓,30 人,1400
964,台北東區-高規格電腦教室、會議室,台灣高雄市新興區 民權一路251號 20 樓,20 人,1200
965,高雄高鐵站前訓練中心-高雄場地/教室租借,台灣高雄市新興區 民權一路251號 20 樓,30 人,2000
966,高雄高鐵站前訓練中心-高雄場地/教室租借,台灣高雄市新興區 民權一路251號 20 樓,30 人,700
967,台北市站前-高規格電腦教室,台灣高雄市新興區 民權一路251號 20 樓,30 人,1400
968,新北板橋-高規格電腦教室,台灣高雄市新興區 民權一路251號 20 樓,20 人,1200
969,新北板橋-高規格電腦教室,台灣高雄市新興區 民權一路251號 20 樓,30 人,1400
970,桃園市中壢-高規格電腦教室,台灣高雄市新興區 民權一路251號 20 樓,30 人,1400
971,桃園市中壢-高規格電腦教室,台灣桃園市中壢區 中山路141號 9 樓,30 人,1200
972,Wee聯合辦公室 Wee coworking Lab 【 中正店 】,台灣桃園市中壢區 中山路141號 9 樓,6 人,250
973,格林卡布咖啡輕食館,台灣桃園市中壢區 中山路141號 9 樓,35 人,400
974,台北東區-高規格電腦教室、會議室,台灣桃園市中壢區 中山路141號 9 樓,30 人,1200
975,台北東區-高規格電腦教室、會議室,台灣桃園市中壢區 中山路141號 9 樓,24 人,1400
976,【中華民國職工福利發展協會 】場地租借方案,台灣桃園市中壢區 中山路141號 9 樓,30 人,3500
977,約書亞文創空間- 1號多功能活動場地出租,台灣桃園市中壢區 中山路141號 9 樓,90 人,840
978,市井商務中心,台灣桃園市中壢區 中山路141號 9 樓,6 人,650
979,威爾希斯廚房,台灣桃園市中壢區 中山路141號 9 樓,15 人,600
980,Grow Life 靠過來,台灣桃園市中壢區 中山路141號 9 樓,40 人,750
981,Grow Life 靠過來,台灣臺北市中正區 新生南路一段160巷18-1號 1 樓,30 人,750
982,加爾第咖啡-吳興店 | 信義區 | B1完整獨立空間 ｜平日＄300/1hr,台灣臺北市中正區 新生南路一段160巷18-1號 1 樓,14 人,300
983,Monospace 共同工作空間,台灣臺北市中正區 新生南路一段160巷18-1號 1 樓,30 人,1500
984,加爾第咖啡-莊敬店 | 信義區 | B1完整獨立空間 ｜平日價＄450/1hr,台灣臺北市中正區 新生南路一段160巷18-1號 1 樓,25 人,450
985,(西區)Passenger 隨食。旅人,台灣臺北市中正區 新生南路一段160巷18-1號 1 樓,20 人,1400
986,(西區)Passenger 隨食。旅人,台灣臺北市中正區 新生南路一段160巷18-1號 1 樓,50 人,2000
987,衍聲說藝坊,台灣臺北市中正區 新生南路一段160巷18-1號 1 樓,24 人,1500
988,桃園中壢藝文教室,台灣臺北市中正區 新生南路一段160巷18-1號 1 樓,12 人,250
989,Ciao Coworking Space-忠孝復興館,台灣臺北市中正區 新生南路一段160巷18-1號 1 樓,120 人,2000
990,FutureWard,台灣臺北市中正區 新生南路一段160巷18-1號 1 樓,12 人,400
991,市井商務中心,台灣臺北市大安區 光復南路72巷73號 2 樓,50 人,3150
992,好學市集親子文創_專業感統教室,台灣臺北市大安區 光復南路72巷73號 2 樓,15 人,667
993,道騰國際商務中心#時租/日租/會議空間/新潮辦公,台灣臺北市大安區 光復南路72巷73號 2 樓,12 人,350
994,HOUR JUNGLE Coworking共同工作室 台南崇學館,台灣臺北市大安區 光復南路72巷73號 2 樓,30 人,60
995,道騰國際商務中心#時租/日租/會議空間/新潮辦公,台灣臺北市大安區 光復南路72巷73號 2 樓,20 人,480
996,好學市集親子文創_文創教室,台灣臺北市大安區 光復南路72巷73號 2 樓,40 人,667
997,朝思木想~好味道廚房,台灣臺北市大安區 光復南路72巷73號 2 樓,12 人,600
998,構享聚落Compose｜創意工作 X 藝文展演,台灣臺北市大安區 光復南路72巷73號 2 樓,20 人,1200
999,構享聚落Compose｜創意工作 X 藝文展演,台灣臺北市大安區 光復南路72巷73號 2 樓,25 人,2000
1000,構享聚落Compose｜創意工作 X 藝文展演,台灣臺北市大安區 光復南路72巷73號 2 樓,6 人,1200
1001,構享聚落Compose｜創意工作 X 藝文展演,台灣高雄市新興區 中正二路192號二樓,18 人,1800
1002,構享聚落Compose｜創意工作 X 藝文展演,台灣高雄市新興區 中正二路192號二樓,6 人,1200
1003,祥富興國際商務中心,台灣高雄市新興區 中正二路192號二樓,20 人,3000
1004,構享聚落Compose｜創意工作 X 藝文展演,台灣高雄市新興區 中正二路192號二樓,10 人,1500
1005,大俠數位攝影-板橋中山教室/攝影棚,台灣高雄市新興區 中正二路192號二樓,35 人,500
1006,大俠數位攝影-板橋中山教室/攝影棚,台灣高雄市新興區 中正二路192號二樓,10 人,600
1007,This place分享空間,台灣高雄市新興區 中正二路192號二樓,10 人,350
1008,Sync co-working space (鑫空間-博愛二館) R12 後驛捷運站,台灣高雄市新興區 中正二路192號二樓,15 人,600
1009,TCCC台灣文創訓練中心-高雄信義館K131空間,台灣高雄市新興區 中正二路192號二樓,50 人,2300
1010,TCCC台灣文創訓練中心-高雄信義館K132空間,台灣高雄市新興區 中正二路192號二樓,55 人,2300
1011,TCCC台灣文創訓練中心-高雄信義館K133空間,台灣高雄市苓雅區 中正二路175號 13 樓之 3,55 人,2300
1012,TCCC台灣文創訓練中心-高雄信義館K134空間,台灣高雄市苓雅區 中正二路175號 13 樓之 3,44 人,1900
1013,TCCC台灣文創訓練中心-高雄信義館K135空間,台灣高雄市苓雅區 中正二路175號 13 樓之 3,27 人,1800
1014,Daily Joy台喬,台灣高雄市苓雅區 中正二路175號 13 樓之 3,108 人,5000
1015,課廳 演創空間,台灣高雄市苓雅區 中正二路175號 13 樓之 3,50 人,3000
1016,樂生活學苑,台灣高雄市苓雅區 中正二路175號 13 樓之 3,45 人,1750
1017,北門窩2024場地租借合作招募,台灣高雄市苓雅區 中正二路175號 13 樓之 3,20 人,1500
1018,舞時光 藝文空間,台灣高雄市苓雅區 中正二路175號 13 樓之 3,15 人,600
1019,雅朵讀書會館,台灣高雄市苓雅區 中正二路175號 13 樓之 3,10 人,490
1020,雅朵讀書會館,台灣高雄市苓雅區 中正二路175號 13 樓之 3,6 人,290
1021,台槓創新HUB,台灣高雄市新興區 民權一路251號 20 樓,48 人,3000
1022,思考致富教室,台灣高雄市新興區 民權一路251號 20 樓,60 人,2500
1023,思考致富教室,台灣高雄市新興區 民權一路251號 20 樓,20 人,1500
1024,思考致富教室,台灣高雄市新興區 民權一路251號 20 樓,80 人,3000
1025,清涼音人文空間-高雄三多,台灣高雄市新興區 民權一路251號 20 樓,40 人,2500
1026,宅zài風格生活,台灣高雄市新興區 民權一路251號 20 樓,20 人,2000
1027,福客堂社會企業有限公司,台灣高雄市新興區 民權一路251號 20 樓,60 人,700
1028,福客堂社會企業有限公司,台灣高雄市新興區 民權一路251號 20 樓,10 人,600
1029,福客堂社會企業有限公司,台灣高雄市新興區 民權一路251號 20 樓,24 人,600
1030,華緣藝文空間,台灣高雄市新興區 民權一路251號 20 樓,30 人,600
1031,TDMC台北設計建材中心,台灣臺北市內湖區 新湖一路185號,120 人,3000
1032,四婁cafeˊ包場,台灣臺北市內湖區 新湖一路185號,400 人,6000
1033,金蘋果樹舞蹈工作室,台灣臺北市內湖區 新湖一路185號,6 人,500
1034,金蘋果樹舞蹈工作室,台灣臺北市內湖區 新湖一路185號,4 人,200
1035,金蘋果樹舞蹈工作室,台灣臺北市內湖區 新湖一路185號,20 人,600
1036,TCCC台灣文創訓練中心-台北松江2館SN201空間,台灣臺北市內湖區 新湖一路185號,46 人,3000
1037,TCCC台灣文創訓練中心-台北松江2館SN202空間,台灣臺北市內湖區 新湖一路185號,60 人,3500
1038,TCCC台灣文創訓練中心-台北松江2館SN206空間,台灣臺北市內湖區 新湖一路185號,44 人,3000
1039,TCCC台灣文創訓練中心-台北松江2館SN203空間,台灣臺北市內湖區 新湖一路185號,60 人,3500
1040,TCCC台灣文創訓練中心-台北松江2館SN204空間,台灣臺北市內湖區 新湖一路185號,54 人,3500
1041,TCCC台灣文創訓練中心-台北松江2館SN205空間,台灣臺北市中山區 松江路131號 2 樓之 4,32 人,2500
1042,NPC  場地出租,台灣臺北市中山區 松江路131號 2 樓之 4,30 人,1500
1043,夢想博愛教室,台灣臺北市中山區 松江路131號 2 樓之 4,15 人,1600
1044,夢想博愛教室,台灣臺北市中山區 松江路131號 2 樓之 4,33 人,2240
1045,夢想博愛教室,台灣臺北市中山區 松江路131號 2 樓之 4,33 人,2560
1046,創世紀場租,台灣臺北市中山區 松江路131號 2 樓之 4,45 人,3360
1047,夢想博愛教室,台灣臺北市中山區 松江路131號 2 樓之 4,46 人,3200
1048,夢想博愛教室,台灣臺北市中山區 松江路131號 2 樓之 4,8 人,1440
1049,夢想博愛教室,台灣臺北市中山區 松江路131號 2 樓之 4,23 人,1920
1050,瘋理財教室,台灣臺北市中山區 松江路131號 2 樓之 4,30 人,2500
1051,瘋理財教室,台灣臺北市中山區 民權東路二段46號 9 樓之 1,60 人,3500
1052,C.C Work 兆基商務中心和平館,台灣臺北市中山區 民權東路二段46號 9 樓之 1,300 人,8000
1053,C.C Work 兆基商務中心和平館,台灣臺北市中山區 民權東路二段46號 9 樓之 1,8 人,400
1054,C.C Work 兆基商務中心和平館,台灣臺北市中山區 民權東路二段46號 9 樓之 1,20 人,800
1055,禪風會館-影視空間,台灣臺北市中山區 民權東路二段46號 9 樓之 1,25 人,500
1056,MRT文創 古亭6號空間,台灣臺北市中山區 民權東路二段46號 9 樓之 1,7 人,250
1057,思奧共同空間 Autonomy Co-Space,台灣臺北市中山區 民權東路二段46號 9 樓之 1,20 人,500
1058,【左創生活園區】-寬敞舒適、氣氛佳、好停車的活動空間！,台灣臺北市中山區 民權東路二段46號 9 樓之 1,50 人,1500
1059,【左創生活園區】-寬敞舒適、氣氛佳、好停車的活動空間！,台灣臺北市中山區 民權東路二段46號 9 樓之 1,12 人,900
1060,STARS美學館,台灣臺北市中山區 民權東路二段46號 9 樓之 1,200 人,2000
1061,路內視覺｜板橋｜,台灣新北市板橋區 國光路34號2樓,5 人,300
1062,Sync co-working space (鑫空間-明誠館) R13 凹子底捷運站,台灣新北市板橋區 國光路34號2樓,25 人,800
1063,四婁cafeˊ咖啡廳,台灣新北市板橋區 國光路34號2樓,50 人,1280
1064,崇友人文講堂,台灣新北市板橋區 國光路34號2樓,25 人,850
1065,威保商務九如教室,台灣新北市板橋區 國光路34號2樓,80 人,444
1066,Wee聯合辦公室 Wee coworking Lab 【 博愛店 】,台灣新北市板橋區 國光路34號2樓,12 人,400
1067,Wee聯合辦公室 Wee coworking Lab 【 博愛店 】,台灣新北市板橋區 國光路34號2樓,50 人,1250
1068,Wee聯合辦公室 Wee coworking Lab 【 博愛店 】,台灣新北市板橋區 國光路34號2樓,8 人,300
1069,Wee聯合辦公室 Wee coworking Lab 【 博愛店 】,台灣新北市板橋區 國光路34號2樓,80 人,1667
1070,HOWSHOW│中壢,台灣新北市板橋區 國光路34號2樓,35 人,250
1071,嘟嘟吧幸福手作坊,台灣新北市三重區 中正北路430-2號 1 樓,20 人,600
1072,盤古銀髮-拾夢家,台灣新北市三重區 中正北路430-2號 1 樓,30 人,3150
1073,Birdy's Nest 隨意窩 Tổ Chim,台灣新北市三重區 中正北路430-2號 1 樓,8 人,250
1074,思考致富教室,台灣新北市三重區 中正北路430-2號 1 樓,100 人,4000
1075,一直咖啡,台灣新北市三重區 中正北路430-2號 1 樓,50 人,500
1076,Milk Bar by BKA,台灣新北市三重區 中正北路430-2號 1 樓,50 人,2100
1077,邸TaiDang創生基地,台灣新北市三重區 中正北路430-2號 1 樓,10 人,250
1078,Milk Bar by BKA,台灣新北市三重區 中正北路430-2號 1 樓,10 人,2800
1079,Milk Bar by BKA,台灣新北市三重區 中正北路430-2號 1 樓,40 人,1500
1080,寶星文化2F｜劍橋考試場地｜課程講座｜教育訓練,台灣新北市三重區 中正北路430-2號 1 樓,25 人,600
1081,博思維商務空間-日商打造/近中央公園捷運,台灣高雄市前金區 五福三路63號5樓 5 樓之 2,12 人,1000
1082,博思維商務空間-日商打造/近中央公園捷運,台灣高雄市前金區 五福三路63號5樓 5 樓之 2,12 人,315
1083,ShengSheng,台灣高雄市前金區 五福三路63號5樓 5 樓之 2,40 人,1500
1084,邸TaiDang創生基地,台灣高雄市前金區 五福三路63號5樓 5 樓之 2,60 人,2000
1085,AGAPE愛加倍 咖啡廳／活動場地,台灣高雄市前金區 五福三路63號5樓 5 樓之 2,35 人,600
1086,WAGA SPACE 空間租賃方案,台灣高雄市前金區 五福三路63號5樓 5 樓之 2,20 人,1800
1087,瘋桌遊松山店,台灣高雄市前金區 五福三路63號5樓 5 樓之 2,30 人,500
1088,CASE｜複合式展演空間,台灣高雄市前金區 五福三路63號5樓 5 樓之 2,50 人,650
1089,CASE｜複合式展演空間,台灣高雄市前金區 五福三路63號5樓 5 樓之 2,50 人,1000
1090,CASE｜複合式展演空間,台灣高雄市前金區 五福三路63號5樓 5 樓之 2,50 人,800
1091,TIL space交流空間（近台南火車站／小教室）,台灣臺南市中西區 中山路90號 8 樓 16 室,10 人,180
1092,桃園市中壢區青塘園遊客中心(豆薈趣青塘園門市),台灣臺南市中西區 中山路90號 8 樓 16 室,70 人,1500
1093,桃園市中壢區青塘園遊客中心(豆薈趣青塘園門市),台灣臺南市中西區 中山路90號 8 樓 16 室,28 人,1000
1094,和仕聯合商務空間,台灣臺南市中西區 中山路90號 8 樓 16 室,12 人,2000
1095,舞時光 藝文空間,台灣臺南市中西區 中山路90號 8 樓 16 室,15 人,500
1096,創世紀商務中心場租,台灣臺南市中西區 中山路90號 8 樓 16 室,18 人,1500
1097,思奧共同空間 Autonomy Co-Space,台灣臺南市中西區 中山路90號 8 樓 16 室,100 人,2000
1098,PAF運動空間,台灣臺南市中西區 中山路90號 8 樓 16 室,25 人,1000
1099,創世紀商務中心場租,台灣臺南市中西區 中山路90號 8 樓 16 室,30 人,1300
1100,Wayne的口嗜心飛料理實驗室,台灣臺南市中西區 中山路90號 8 樓 16 室,30 人,1245
1101,Wayne的口嗜心飛料理實驗室,台灣臺北市中正區 永康街2巷12號,18 人,650
1102,建築師公會會館大樓12樓演講廳/會議室,台灣臺北市中正區 永康街2巷12號,35 人,3000
1103,建築師公會會館大樓12樓演講廳/會議室,台灣臺北市中正區 永康街2巷12號,80 人,5000
1104,高雄85大樓 場地租借中心,台灣臺北市中正區 永康街2巷12號,80 人,700
1105,東豐喜空間-近捷運、平價優惠、空間彈性、師大附近,台灣臺北市中正區 永康街2巷12號,20 人,400
1106,金鋒山股份有限公司,台灣臺北市中正區 永康街2巷12號,12 人,3000
1107,藝·窩瘋多元共享空間,台灣臺北市中正區 永康街2巷12號,30 人,300
1108,上古國際藝術,台灣臺北市中正區 永康街2巷12號,80 人,3000
1109,【Le Phare 共享空間】會議場地、工作空間、教練諮詢室,台灣臺北市中正區 永康街2巷12號,10 人,500
1110,【Le Phare 共享空間】會議場地、工作空間、教練諮詢室,台灣臺北市中正區 永康街2巷12號,10 人,500
1111,【Le Phare 共享空間】會議場地、工作空間、教練諮詢室,台灣新竹縣竹北市 復興三路二段168號 9 樓 5 室,80 人,2500
1112,愛裡‧時氣味藝術場地租借,台灣新竹縣竹北市 復興三路二段168號 9 樓 5 室,60 人,4000
1113,瑜珈大教室,台灣新竹縣竹北市 復興三路二段168號 9 樓 5 室,50 人,1667
1114,【Le Phare 共享空間】會議場地、工作空間、教練諮詢室,台灣新竹縣竹北市 復興三路二段168號 9 樓 5 室,80 人,3500
1115,Terminal C 兆基國際新創聚落,台灣新竹縣竹北市 復興三路二段168號 9 樓 5 室,120 人,2800
1116,Terminal C 兆基國際新創聚落,台灣新竹縣竹北市 復興三路二段168號 9 樓 5 室,500 人,12000
1117,新北樂扶-會議室,台灣新竹縣竹北市 復興三路二段168號 9 樓 5 室,25 人,350
1118,IGU愛成長多元學習空間 場地租借 中小型教室,台灣新竹縣竹北市 復興三路二段168號 9 樓 5 室,45 人,3000
1119,IGU愛成長多元學習空間 場地租借 中小型教室,台灣新竹縣竹北市 復興三路二段168號 9 樓 5 室,18 人,1200
1120,福客堂社會企業有限公司,台灣新竹縣竹北市 復興三路二段168號 9 樓 5 室,30 人,1000
1121,玩賽斯工作室,台灣臺北市大安區 雲和街63號 1 樓,3 人,350
1122,炎洲集團總部3樓國際會議中心,台灣臺北市大安區 雲和街63號 1 樓,20 人,2000
1123,炎洲集團總部3樓國際會議中心,台灣臺北市大安區 雲和街63號 1 樓,60 人,3400
1124,炎洲集團總部3樓國際會議中心,台灣臺北市大安區 雲和街63號 1 樓,20 人,1000
1125,炎洲集團總部3樓國際會議中心,台灣臺北市大安區 雲和街63號 1 樓,16 人,500
1126,板橋職訓教室3樓,台灣臺北市大安區 雲和街63號 1 樓,35 人,800
1127,板橋職訓教室2樓,台灣臺北市大安區 雲和街63號 1 樓,37 人,800
1128,板橋職訓教室1樓,台灣臺北市大安區 雲和街63號 1 樓,35 人,650
1129,好易攝影棚,台灣臺北市大安區 雲和街63號 1 樓,5 人,500
1130,好易攝影棚,台灣臺北市大安區 雲和街63號 1 樓,6 人,500
1131,917好事咖啡創意廚房,台灣臺北市大安區 安居街8巷19號地下 1 樓,50 人,900
1132,DFS形象管理｜近國父紀念館全新空間,台灣臺北市大安區 安居街8巷19號地下 1 樓,15 人,400
1133,DFS形象管理｜近國父紀念館全新空間,台灣臺北市大安區 安居街8巷19號地下 1 樓,5 人,600
1134,台中火車站成陽大樓教室(綠川東)-30~70人場地租借,台灣臺北市大安區 安居街8巷19號地下 1 樓,50 人,2000
1135,台中火車站85大樓教室-26~75人場地租借,台灣臺北市大安區 安居街8巷19號地下 1 樓,36 人,1900
1136,台中火車站85大樓教室-26~75人場地租借,台灣臺北市大安區 安居街8巷19號地下 1 樓,48 人,2100
1137,台中火車站85大樓教室-26~75人場地租借,台灣臺北市大安區 安居街8巷19號地下 1 樓,90 人,3300
1138,台北火車站世界大樓教室-16~30人場地租借,台灣臺北市大安區 安居街8巷19號地下 1 樓,30 人,1600
1139,台北火車站金融大樓場地租借-30~50人教室租借,台灣臺北市大安區 安居街8巷19號地下 1 樓,50 人,2300
1140,台北火車站金融大樓場地租借-30~50人教室租借,台灣臺北市大安區 安居街8巷19號地下 1 樓,40 人,2000
1141,LEES 李室工坊,台灣臺中市豐原區 大明路3號,30 人,2000
1142,全智網科技,台灣臺中市豐原區 大明路3號,16 人,4000
1143,全智網科技,台灣臺中市豐原區 大明路3號,18 人,4000
1144,全智網科技,台灣臺中市豐原區 大明路3號,30 人,4000
1145,全智網科技,台灣臺中市豐原區 大明路3號,16 人,3000
1146,上古國際藝術,台灣臺中市豐原區 大明路3號,30 人,5000
1147,新竹火車站-新竹中正路教室租借-18~30人場地租借,台灣臺中市豐原區 大明路3號,30 人,1500
1148,新竹火車站-新竹中正路教室租借-18~30人場地租借,台灣臺中市豐原區 大明路3號,18 人,1200
1149,清涼音人文空間-高雄小港教室,台灣臺中市豐原區 大明路3號,25 人,2500
1150,Gumgum Beer & Wings 雞翅啤酒吧,台灣臺中市豐原區 大明路3號,70 人,4500
1151,《臺南文創園區》,台灣臺南市東區 北門路二段16號,24 人,3000
1152,Lyra Space 萊拉空間,台灣臺南市東區 北門路二段16號,35 人,615
1153,Lyra Space 萊拉空間,台灣臺南市東區 北門路二段16號,32 人,560
1154,Lyra Space 萊拉空間,台灣臺南市東區 北門路二段16號,10 人,265
1155,Lyra Space 萊拉空間,台灣臺南市東區 北門路二段16號,42 人,880
1156,Lyra Space 萊拉空間,台灣臺南市東區 北門路二段16號,80 人,1150
1157,golden space 松昱國際商務中心-行天宮站,台灣臺南市東區 北門路二段16號,10 人,500
1158,行動學習商務中心-貴梅館 共享共煮共食廚房,台灣臺南市東區 北門路二段16號,20 人,1000
1159,五壤藝術空間,台灣臺南市東區 北門路二段16號,40 人,1500
1160,百年老洋房-黑金通複合式餐飲空間,台灣臺南市東區 北門路二段16號,80 人,5000
1161,桃園雙得統領天廈致富教室-10~100人場地租借,台灣桃園市桃園區 民權路6號 4 樓,40 人,1600
1162,桃園雙得統領天廈致富教室-10~100人場地租借,台灣桃園市桃園區 民權路6號 4 樓,60 人,2100
1163,桃園雙得統領天廈致富教室-10~100人場地租借,台灣桃園市桃園區 民權路6號 4 樓,20 人,1100
1164,桃園雙得統領天廈致富教室-10~100人場地租借,台灣桃園市桃園區 民權路6號 4 樓,80 人,2600
1165,桃園雙得統領天廈致富教室-10~100人場地租借,台灣桃園市桃園區 民權路6號 4 樓,100 人,3700
1166,CASE｜複合式展演空間,台灣桃園市桃園區 民權路6號 4 樓,50 人,500
1167,【新亮點商務中心】會議、記者會、展演空間、發表會、聚會餐敘,台灣桃園市桃園區 民權路6號 4 樓,16 人,900
1168,【新亮點商務中心】會議、記者會、展演空間、發表會、聚會餐敘,台灣桃園市桃園區 民權路6號 4 樓,30 人,1500
1169,【新亮點商務中心】會議、記者會、展演空間、發表會、聚會餐敘,台灣桃園市桃園區 民權路6號 4 樓,5 人,500
1170,【新亮點商務中心】會議、記者會、展演空間、發表會、聚會餐敘,台灣桃園市桃園區 民權路6號 4 樓,3 人,300
1171,Top Space 台中商務中心,台灣臺中市中區 民族路23號 3 樓之 2,100 人,3300
1172,Top Space 台中商務中心,台灣臺中市中區 民族路23號 3 樓之 2,33 人,2500
1173,【YC空間  場地出租】,台灣臺中市中區 民族路23號 3 樓之 2,24 人,350
1174,威爾希斯共享廚房&家,台灣臺中市中區 民族路23號 3 樓之 2,30 人,1000
1175,易禧創意EC DESIGN SCHOOL,台灣臺中市中區 民族路23號 3 樓之 2,30 人,5000
1176,HOWSHOW共享空間,台灣臺中市中區 民族路23號 3 樓之 2,20 人,450
1177,HOWSHOW共享空間,台灣臺中市中區 民族路23號 3 樓之 2,8 人,230
1178,TDMC台北設計建材中心,台灣臺中市中區 民族路23號 3 樓之 2,200 人,3250
1179,golden space 松昱國際商務中心-行天宮站,台灣臺中市中區 民族路23號 3 樓之 2,30 人,4200
1180,HWPAP 萬民敬拜禱告中心 活動/展覽 空間,台灣臺中市中區 民族路23號 3 樓之 2,500 人,5000
1181,輯格設計學院 JK Design Academy,台灣新北市板橋區 文化路一段120號 4 樓,50 人,800
1182,輯格設計學院 JK Design Academy,台灣新北市板橋區 文化路一段120號 4 樓,20 人,600
1183,天翼文創科技館(講座型),台灣新北市板橋區 文化路一段120號 4 樓,110 人,1500
1184,天翼文創科技館(講座型),台灣新北市板橋區 文化路一段120號 4 樓,80 人,1400
1185,台北工作趣Work Fun,台灣新北市板橋區 文化路一段120號 4 樓,10 人,500
1186,台北工作趣Work Fun,台灣新北市板橋區 文化路一段120號 4 樓,4 人,300
1187,HWPAP 萬民敬拜禱告中心 活動/展覽 空間,台灣新北市板橋區 文化路一段120號 4 樓,20 人,600
1188,HWPAP 萬民敬拜禱告中心 活動/展覽 空間,台灣新北市板橋區 文化路一段120號 4 樓,15 人,500
1189,玩賽斯工作室,台灣新北市板橋區 文化路一段120號 4 樓,30 人,1050
1190,台南市永康科技園區 展場,台灣新北市板橋區 文化路一段120號 4 樓,300 人,30000
1191,玩賽斯工作室,台灣臺北市大安區 雲和街63號地下 1 樓,8 人,290
1192,C.T.L. 創造極限共享空間,台灣臺北市大安區 雲和街63號地下 1 樓,30 人,400
1193,MK反轉外語-各類型場地租借,台灣臺北市大安區 雲和街63號地下 1 樓,15 人,850
1194,No.5527 Studio,台灣臺北市大安區 雲和街63號地下 1 樓,8 人,1200
1195,台中多功能會議教室空間,台灣臺北市大安區 雲和街63號地下 1 樓,30 人,1800
1196,毛時光共享空間,台灣臺北市大安區 雲和街63號地下 1 樓,40 人,900
1197,MK反轉外語-各類型場地租借,台灣臺北市大安區 雲和街63號地下 1 樓,25 人,1000
1198,mutix Studio,台灣臺北市大安區 雲和街63號地下 1 樓,50 人,2000
1199,mutix Studio,台灣臺北市大安區 雲和街63號地下 1 樓,6 人,250
1200,HOWSHOW│中壢,台灣臺北市大安區 雲和街63號地下 1 樓,15 人,200
1201,兩兩探戈 Tango.two,台灣臺中市西區 美村路一段743號 3 樓,80 人,1000
1202,和仕聯合商務空間,台灣臺中市西區 美村路一段743號 3 樓,5 人,1000
1203,寵樂町,台灣臺中市西區 美村路一段743號 3 樓,35 人,1100
1204,寵樂町,台灣臺中市西區 美村路一段743號 3 樓,15 人,500
1205,寵樂町,台灣臺中市西區 美村路一段743號 3 樓,40 人,1125
1206,寵樂町,台灣臺中市西區 美村路一段743號 3 樓,20 人,670
1207,寵樂町,台灣臺中市西區 美村路一段743號 3 樓,10 人,1500
1208,寵樂町,台灣臺中市西區 美村路一段743號 3 樓,85 人,4000
1209,彩家科技3D列印總公司教室出租,台灣臺中市西區 美村路一段743號 3 樓,25 人,550
1210,Karawalker我的夢想行動家,台灣臺中市西區 美村路一段743號 3 樓,30 人,18000
1211,板橋攝影棚,台灣新北市板橋區 國光路34之１號 2 樓,10 人,1000
1212,❤️拾異空間❤️ 松山車站旁_雙捷運+ 台鐵_高CP值教室場地,台灣新北市板橋區 國光路34之１號 2 樓,150 人,6825
1213,❤️拾異空間❤️ 松山車站旁_雙捷運+ 台鐵_高CP值教室場地,台灣新北市板橋區 國光路34之１號 2 樓,50 人,3413
1214,TEST,台灣新北市板橋區 國光路34之１號 2 樓,5 人,1
1215,光寓想享,台灣新北市板橋區 國光路34之１號 2 樓,30 人,1500
1216,【鷺鳴國際商務中心】全新裝潢獨立包廂會議室,台灣新北市板橋區 國光路34之１號 2 樓,10 人,800
1217,拾歲影像 | 板橋府中,台灣新北市板橋區 國光路34之１號 2 樓,9 人,500
1218,【鴻琦藝術】教室A  會議/課程講座/培訓/臨時辦公室,台灣新北市板橋區 國光路34之１號 2 樓,12 人,370
1219,和仕聯合商務空間-台中高峰,台灣新北市板橋區 國光路34之１號 2 樓,4 人,600
1220,和仕聯合商務空間-台中高峰,台灣新北市板橋區 國光路34之１號 2 樓,8 人,1000
1221,台灣美麗平台股份有限公司,台灣臺北市大同區 民權西路104號 4 樓,25 人,600
1222,台灣美麗平台股份有限公司,台灣臺北市大同區 民權西路104號 4 樓,35 人,400
1223,岩究所攀岩館,台灣臺北市大同區 民權西路104號 4 樓,12 人,1000
1224,《臺南文創園區》,台灣臺北市大同區 民權西路104號 4 樓,60 人,4000
1225,《臺南文創園區》,台灣臺北市大同區 民權西路104號 4 樓,60 人,4500
1226,《臺南文創園區》,台灣臺北市大同區 民權西路104號 4 樓,72 人,5000
1227,TDMC台北設計建材中心,台灣臺北市大同區 民權西路104號 4 樓,100 人,2750
1228,《臺南文創園區》,台灣臺北市大同區 民權西路104號 4 樓,72 人,5000
1229,好學市集親子文創_文創教室,台灣臺北市大同區 民權西路104號 4 樓,32 人,667
1230,博思維商務空間-日商打造/近中央公園捷運,台灣臺北市大同區 民權西路104號 4 樓,30 人,500
1231,Whims乘興院,台灣臺北市內湖區 民權東路六段11巷39號5樓 5 樓,50 人,1500
1232,661 車庫,台灣臺北市內湖區 民權東路六段11巷39號5樓 5 樓,20 人,1500
1233,謙匯普樂室行旅,台灣臺北市內湖區 民權東路六段11巷39號5樓 5 樓,50 人,1000
1234,JUR space 共享空間,台灣臺北市內湖區 民權東路六段11巷39號5樓 5 樓,16 人,800
1235,樂福利餐酒館,台灣臺北市內湖區 民權東路六段11巷39號5樓 5 樓,20 人,2000
1236,A+SPACE,台灣臺北市內湖區 民權東路六段11巷39號5樓 5 樓,100 人,2000
1237,Milk Bar by BKA,台灣臺北市內湖區 民權東路六段11巷39號5樓 5 樓,10 人,500
1238,Milk Bar by BKA,台灣臺北市內湖區 民權東路六段11巷39號5樓 5 樓,80 人,28000
1239,Milk Bar by BKA,台灣臺北市內湖區 民權東路六段11巷39號5樓 5 樓,100 人,45000
1240,舞工廠舞團空間,台灣臺北市內湖區 民權東路六段11巷39號5樓 5 樓,30 人,750
1241,Terminal C 兆基國際新創聚落,台灣臺北市中山區 建國北路三段92號,10 人,500
1242,HOWSHOW│中壢,台灣臺北市中山區 建國北路三段92號,50 人,400
1243,虎玩溜溜球扯鈴雜耍專賣店(已換空間),台灣臺北市中山區 建國北路三段92號,15 人,400
1244,JUR space 共享空間,台灣臺北市中山區 建國北路三段92號,12 人,600
1245,金鋒山股份有限公司,台灣臺北市中山區 建國北路三段92號,10 人,1000
1246,金鋒山股份有限公司,台灣臺北市中山區 建國北路三段92號,10 人,7200
1247,金鋒山股份有限公司,台灣臺北市中山區 建國北路三段92號,8 人,6000
1248,金鋒山股份有限公司,台灣臺北市中山區 建國北路三段92號,8 人,800
1249,金鋒山股份有限公司,台灣臺北市中山區 建國北路三段92號,30 人,880
1250,金鋒山股份有限公司,台灣臺北市中山區 建國北路三段92號,12 人,1100
1251,金鋒山股份有限公司,台灣臺北市內湖區 瑞光路168號 9 樓,12 人,7900
1252,ASW Tea House,台灣臺北市內湖區 瑞光路168號 9 樓,30 人,5000
1253,巨寰宇全球人文會展中心,台灣臺北市內湖區 瑞光路168號 9 樓,120 人,14000
1254,巨寰宇全球人文會展中心,台灣臺北市內湖區 瑞光路168號 9 樓,300 人,23000
1255,點石經紀,台灣臺北市內湖區 瑞光路168號 9 樓,15 人,1200
1256,點石經紀,台灣臺北市內湖區 瑞光路168號 9 樓,15 人,3500
1257,春成攝影有限公司,台灣臺北市內湖區 瑞光路168號 9 樓,20 人,1200
1258,待一下 Stay for a while,台灣臺北市內湖區 瑞光路168號 9 樓,15 人,350
1259,梅花鹿影業股份有限公司,台灣臺北市內湖區 瑞光路168號 9 樓,45 人,800
1260,壞鞋子舞蹈劇場,台灣臺北市內湖區 瑞光路168號 9 樓,50 人,4800
1261,合拍所在實景棚,台灣臺北市士林區 延平北路七段106巷39號 1 樓,50 人,3500
1262,艾弗瑞商務中心,台灣臺北市士林區 延平北路七段106巷39號 1 樓,60 人,2000
1263,春成攝影有限公司,台灣臺北市士林區 延平北路七段106巷39號 1 樓,10 人,1000
1264,Lyra Space 萊拉空間,台灣臺北市士林區 延平北路七段106巷39號 1 樓,16 人,350
1265,Lyra Space 萊拉空間,台灣臺北市士林區 延平北路七段106巷39號 1 樓,60 人,1150
1266,奇遇果人文行旅,台灣臺北市士林區 延平北路七段106巷39號 1 樓,12 人,550
1267,暢唱咖啡餐酒館／三重最佳音樂餐酒館暨展演空間,台灣臺北市士林區 延平北路七段106巷39號 1 樓,50 人,1700
1268,跑者肌地,台灣臺北市士林區 延平北路七段106巷39號 1 樓,12 人,500
1269,虱目魚主題館-來趣漁光島,台灣臺北市士林區 延平北路七段106巷39號 1 樓,40 人,1000
1270,台北復興百人教室-70~130人場地租借,台灣臺北市士林區 延平北路七段106巷39號 1 樓,80 人,3900
1271,台北復興百人教室-大教室,台灣臺北市松山區 復興南路一段27號 5 樓,145 人,5300
1272,JUR space 共享空間,台灣臺北市松山區 復興南路一段27號 5 樓,28 人,1350
1273,黑帽Black Hat Jazz Café & Bar,台灣臺北市松山區 復興南路一段27號 5 樓,25 人,2000
1274,君品collection,台灣臺北市松山區 復興南路一段27號 5 樓,50 人,287500
1275,巨寰宇全球人文會展中心,台灣臺北市松山區 復興南路一段27號 5 樓,120 人,13500
1276,君品collection,台灣臺北市松山區 復興南路一段27號 5 樓,310 人,902000
1277,君品collection,台灣臺北市松山區 復興南路一段27號 5 樓,80 人,95040
1278,君品collection,台灣臺北市松山區 復興南路一段27號 5 樓,3800 人,384725
1279,君品collection,台灣臺北市松山區 復興南路一段27號 5 樓,800 人,494725
1280,巨寰宇全球人文會展中心,台灣臺北市松山區 復興南路一段27號 5 樓,50 人,7500
1281,君品collection,台灣高雄市前鎮區 中華五路789號8樓,650 人,96712
1282,巨寰宇全球人文會展中心,台灣高雄市前鎮區 中華五路789號8樓,50 人,7000
1283,巨寰宇全球人文會展中心,台灣高雄市前鎮區 中華五路789號8樓,20 人,7000
1284,灶神在家,台灣高雄市前鎮區 中華五路789號8樓,40 人,2000
1285,晨鈺文化有限公司,台灣高雄市前鎮區 中華五路789號8樓,15 人,350
1286,道騰國際商務中心#時租/日租/會議空間/新潮辦公,台灣高雄市前鎮區 中華五路789號8樓,8 人,400
1287,道騰國際商務中心#時租/日租/會議空間/新潮辦公,台灣高雄市前鎮區 中華五路789號8樓,120 人,2500
1288,道騰國際商務中心#時租/日租/會議空間/新潮辦公,台灣高雄市前鎮區 中華五路789號8樓,15 人,670
1289,好日居,台灣高雄市前鎮區 中華五路789號8樓,10 人,300
1290,君之名廚,台灣高雄市前鎮區 中華五路789號8樓,25 人,750
1291,陽光大教室,台灣桃園市蘆竹區 南崁路265號 6 樓,99 人,300
1292,思考致富教室,台灣桃園市蘆竹區 南崁路265號 6 樓,30 人,2000
1293,學好好學人文教育有限公司,台灣桃園市蘆竹區 南崁路265號 6 樓,18 人,750
1294,皇家NTC商務中心,台灣桃園市蘆竹區 南崁路265號 6 樓,100 人,20000
1295,THE NORMAL敦北店,台灣桃園市蘆竹區 南崁路265號 6 樓,60 人,3000
1296,角石人文空間-桃園站前,台灣桃園市蘆竹區 南崁路265號 6 樓,30 人,600
1297,補習班,台灣桃園市蘆竹區 南崁路265號 6 樓,10 人,200
1298,大唐塾,台灣桃園市蘆竹區 南崁路265號 6 樓,60 人,8000
1299,大唐塾,台灣桃園市蘆竹區 南崁路265號 6 樓,60 人,10000
1300,君品collection,台灣桃園市蘆竹區 南崁路265號 6 樓,200 人,26180
1301,Aeroom醒醒吧,台灣臺北市大安區 忠孝東路三段251巷8弄6號,30 人,1800
1302,十方音樂劇場,台灣臺北市大安區 忠孝東路三段251巷8弄6號,108 人,10000
1303,十方音樂劇場,台灣臺北市大安區 忠孝東路三段251巷8弄6號,40 人,1500
1304,隱樓INVISIBLE,台灣臺北市大安區 忠孝東路三段251巷8弄6號,20 人,550
1305,放空 Zzz Studio,台灣臺北市大安區 忠孝東路三段251巷8弄6號,30 人,1000
1306,EL GATO,台灣臺北市大安區 忠孝東路三段251巷8弄6號,30 人,1500
1307,飛樂行銷,台灣臺北市大安區 忠孝東路三段251巷8弄6號,30 人,1500
1308,UNIX Taiwan,台灣臺北市大安區 忠孝東路三段251巷8弄6號,30 人,3000
1309,BLND,台灣臺北市大安區 忠孝東路三段251巷8弄6號,20 人,700
1310,皇家NTC商務中心,台灣臺北市大安區 忠孝東路三段251巷8弄6號,60 人,10000
1311,皇家NTC商務中心,台灣臺中市西屯區 市政北二路282號 21 樓 小會議 室,8 人,2500
1312,mutix Studio,台灣臺中市西屯區 市政北二路282號 21 樓 小會議 室,12 人,500
1313,皇家NTC商務中心,台灣臺中市西屯區 市政北二路282號 21 樓 小會議 室,20 人,8000
1314,HOUR JUNGLE Coworking共同工作室台南中山館,台灣臺中市西屯區 市政北二路282號 21 樓 小會議 室,15 人,400
1315,大大小小行創股份有限公司,台灣臺中市西屯區 市政北二路282號 21 樓 小會議 室,18 人,3000
1316,TAKE A SEAT 鉄席共同工作空間,台灣臺中市西屯區 市政北二路282號 21 樓 小會議 室,10 人,400
1317,聚峰投顧有限公司,台灣臺中市西屯區 市政北二路282號 21 樓 小會議 室,4 人,210
1318,Found'ee Studio 覓糖室,台灣臺中市西屯區 市政北二路282號 21 樓 小會議 室,25 人,1000
1319,創客共好股份有限公司,台灣臺中市西屯區 市政北二路282號 21 樓 小會議 室,8 人,315
1320,芊華苑居家美學精品傢俬,台灣臺中市西屯區 市政北二路282號 21 樓 小會議 室,20 人,3000
1321,澔享創意共享空間,台灣臺北市大同區 太原路11巷29號 1 樓,35 人,3000
1322,HOWSHOW│中壢,台灣臺北市大同區 太原路11巷29號 1 樓,25 人,250
1323,創客青年中心,台灣臺北市大同區 太原路11巷29號 1 樓,56 人,3500
1324,乒夢有限公司,台灣臺北市大同區 太原路11巷29號 1 樓,100 人,1200
1325,囍歡樂芽社企餐廳,台灣臺北市大同區 太原路11巷29號 1 樓,20 人,500
1326,誠遠國際商務中心,台灣臺北市大同區 太原路11巷29號 1 樓,34 人,500
1327,誠遠國際商務中心,台灣臺北市大同區 太原路11巷29號 1 樓,34 人,4000
1328,懷寧17,台灣臺北市大同區 太原路11巷29號 1 樓,10 人,500
1329,思奧共同空間 Autonomy Co-Space,台灣臺北市大同區 太原路11巷29號 1 樓,8 人,300
1330,思奧共同空間 Autonomy Co-Space,台灣臺北市大同區 太原路11巷29號 1 樓,15 人,300
1331,給力業務Jimmy,台灣臺北市中山區 林森北路381號地下 1 樓,10 人,1000
1332,築夢家,台灣臺北市中山區 林森北路381號地下 1 樓,12 人,300
1333,mySpace我的空間,台灣臺北市中山區 林森北路381號地下 1 樓,20 人,400
1334,MVP共享空間,台灣臺北市中山區 林森北路381號地下 1 樓,25 人,1500
1335,魔方小天地,台灣臺北市中山區 林森北路381號地下 1 樓,20 人,200
1336,MOJO 1921,台灣臺北市中山區 林森北路381號地下 1 樓,45 人,1800
1337,UNI CO-WORKING共享商務中心,台灣臺北市中山區 林森北路381號地下 1 樓,40 人,1500
1338,Milk Bar by BKA,台灣臺北市中山區 林森北路381號地下 1 樓,50 人,1000
1339,Top Space 台中商務中心,台灣臺北市中山區 林森北路381號地下 1 樓,200 人,3600
1340,文心路商務中心,台灣臺北市中山區 林森北路381號地下 1 樓,30 人,500
1341,舞鶴茶園公主咖啡台北店,台灣臺北市松山區 延壽街333號 1 樓,50 人,1700
1342,文化館,台灣臺北市松山區 延壽街333號 1 樓,25 人,800
1343,UNI CO-WORKING共享商務中心,台灣臺北市松山區 延壽街333號 1 樓,6 人,1200
1344,府都建設One+_All for kids,台灣臺北市松山區 延壽街333號 1 樓,25 人,1000
1345,衣佰元有限公司,台灣臺北市松山區 延壽街333號 1 樓,28 人,1200
1346,917好事咖啡創意廚房,台灣臺北市松山區 延壽街333號 1 樓,50 人,1200
1347,WORKSPOT,台灣臺北市松山區 延壽街333號 1 樓,8 人,600
1348,綠豐商務中心,台灣臺北市松山區 延壽街333號 1 樓,7 人,460
1349,承天啟后新智慧,台灣臺北市松山區 延壽街333號 1 樓,50 人,2000
1350,伸保木業股份有限公司,台灣臺北市松山區 延壽街333號 1 樓,20 人,1000
1351,伸保木業股份有限公司,台灣臺中市南屯區 向上路三段375-377號 1 樓,20 人,1000
1352,嘉俬房 ＆ other Art things,台灣臺中市南屯區 向上路三段375-377號 1 樓,50 人,900
1353,達卡2,台灣臺中市南屯區 向上路三段375-377號 1 樓,30 人,5000
1354,Kitchen Starter雲端x廚房,台灣臺中市南屯區 向上路三段375-377號 1 樓,10 人,3500
1355,曲羨空間,台灣臺中市南屯區 向上路三段375-377號 1 樓,6 人,300
1356,曲羨空間,台灣臺中市南屯區 向上路三段375-377號 1 樓,8 人,300
1357,曲羨空間,台灣臺中市南屯區 向上路三段375-377號 1 樓,8 人,500
1358,JR台北場地租借-金融大樓教室-18~24人場地租借,台灣臺中市南屯區 向上路三段375-377號 1 樓,24 人,1300
1359,我們的時間有限公司,台灣臺中市南屯區 向上路三段375-377號 1 樓,20 人,2000
1360,微遠文化藝術基金會,台灣臺中市南屯區 向上路三段375-377號 1 樓,1000 人,6500
1361,放大知識學院,台灣臺中市西屯區 台灣大道三段540號 7 樓之 5,8 人,500
1362,不只設計,台灣臺中市西屯區 台灣大道三段540號 7 樓之 5,15 人,400
1363,群島藝術園區,台灣臺中市西屯區 台灣大道三段540號 7 樓之 5,50 人,1200
1364,群島藝術園區,台灣臺中市西屯區 台灣大道三段540號 7 樓之 5,120 人,2100
1365,群島藝術園區,台灣臺中市西屯區 台灣大道三段540號 7 樓之 5,120 人,1200
1366,群島藝術園區,台灣臺中市西屯區 台灣大道三段540號 7 樓之 5,100 人,1000
1367,四婁cafeˊ咖啡廳,台灣臺中市西屯區 台灣大道三段540號 7 樓之 5,50 人,1000
1368,台槓創新HUB,台灣臺中市西屯區 台灣大道三段540號 7 樓之 5,120 人,2000
1369,1302木月月攝影棚,台灣臺中市西屯區 台灣大道三段540號 7 樓之 5,90 人,3800
1370,邸TaiDang創生基地,台灣臺中市西屯區 台灣大道三段540號 7 樓之 5,6 人,500
1371,四婁cafeˊ包場,台灣新北市土城區 中央路三段126巷21號 4 樓,13 人,1050
1372,四婁cafeˊ包場,台灣新北市土城區 中央路三段126巷21號 4 樓,13 人,2500
1373,DFS形象管理｜近國父紀念館全新空間,台灣新北市土城區 中央路三段126巷21號 4 樓,15 人,400
1374,小西城設計有限公司,台灣新北市土城區 中央路三段126巷21號 4 樓,30 人,500
1375,我的樂活生活館,台灣新北市土城區 中央路三段126巷21號 4 樓,20 人,350
1376,超越心動力體適能空間,台灣新北市土城區 中央路三段126巷21號 4 樓,30 人,2000
1377,超越心動力體適能空間,台灣新北市土城區 中央路三段126巷21號 4 樓,10 人,1000
1378,超越心動力體適能空間,台灣新北市土城區 中央路三段126巷21號 4 樓,10 人,1000
1379,拾伍勤學空間,台灣新北市土城區 中央路三段126巷21號 4 樓,50 人,3000
1380,亞必就是飛鼠休閒館,台灣新北市土城區 中央路三段126巷21號 4 樓,20 人,2000
1381,彭格商務中心-台中中清館,台灣臺中市北區 中清路一段89號 7 樓,8 人,500
1382,RPG桌遊吧,台灣臺中市北區 中清路一段89號 7 樓,40 人,300
1383,hour的空間,台灣臺中市北區 中清路一段89號 7 樓,22 人,1000
1384,Habitár Studio,台灣臺中市北區 中清路一段89號 7 樓,20 人,1000
1385,雨禾電腦,台灣臺中市北區 中清路一段89號 7 樓,20 人,1000
1386,雨禾電腦,台灣臺中市北區 中清路一段89號 7 樓,20 人,1000
1387,遇見咖啡-桃園復興店,台灣臺中市北區 中清路一段89號 7 樓,20 人,2000
1388,木衛二醫務所,台灣臺中市北區 中清路一段89號 7 樓,100 人,10000
1389,張容榕私房畫,台灣臺中市北區 中清路一段89號 7 樓,6 人,800
1390,升級商務中心,台灣臺中市北區 中清路一段89號 7 樓,6 人,1000
1391,gear yoga 轉動瑜珈,台灣新北市新店區 二十張路11巷1-1號地下 1 樓,40 人,1000
1392,Sky Space,台灣新北市新店區 二十張路11巷1-1號地下 1 樓,120 人,3800
1393,一生弦命音樂工作室,台灣新北市新店區 二十張路11巷1-1號地下 1 樓,50 人,800
1394,民安美術,台灣新北市新店區 二十張路11巷1-1號地下 1 樓,40 人,500
1395,民安美術,台灣新北市新店區 二十張路11巷1-1號地下 1 樓,20 人,400
1396,LaidBackCafe,台灣新北市新店區 二十張路11巷1-1號地下 1 樓,20 人,2000
1397,安妮怎麼了？,台灣新北市新店區 二十張路11巷1-1號地下 1 樓,24 人,700
1398,NVA club House,台灣新北市新店區 二十張路11巷1-1號地下 1 樓,50 人,800
1399,T恤手造館,台灣新北市新店區 二十張路11巷1-1號地下 1 樓,16 人,500
1400,BH cafe,台灣新北市新店區 二十張路11巷1-1號地下 1 樓,20 人,2500
1401,Gaming Space,台灣臺北市信義區 東興路51號 1 樓,300 人,50000
1402,雲育鏈-空間出租,台灣臺北市信義區 東興路51號 1 樓,30 人,600
1403,雲育鏈-空間出租,台灣臺北市信義區 東興路51號 1 樓,30 人,550
1404,頂贏國際資產管理投資顧問股份有限公司,台灣臺北市信義區 東興路51號 1 樓,10 人,250
1405,智一自動化科技股份有限公司,台灣臺北市信義區 東興路51號 1 樓,12 人,8000
1406,[鹿港必訪] 唯一杜比認證電影院@清溪文薈館/預約場地租借/健康蔬食/創意料理/輕食午茶,台灣臺北市信義區 東興路51號 1 樓,110 人,10000
1407,三希人文空間,台灣臺北市信義區 東興路51號 1 樓,100 人,5000
1408,TCCC台灣文創訓練中心-台北長安館C201空間,台灣臺北市信義區 東興路51號 1 樓,84 人,3900
1409,TCCC台灣文創訓練中心-台北長安館C206+C207合併空間,台灣臺北市信義區 東興路51號 1 樓,126 人,6700
1410,TCCC台灣文創訓練中心-台北長安館C202空間,台灣臺北市信義區 東興路51號 1 樓,40 人,450
1411,TCCC台灣文創訓練中心-台北長安館C203空間,台灣臺北市中山區 長安東路一段27號 2 樓,24 人,350
1412,TCCC台灣文創訓練中心-台北長安館C204空間,台灣臺北市中山區 長安東路一段27號 2 樓,8 人,350
1413,TCCC台灣文創訓練中心-台北長安館C205空間,台灣臺北市中山區 長安東路一段27號 2 樓,10 人,450
1414,TCCC台灣文創訓練中心-台北長安館C206空間,台灣臺北市中山區 長安東路一段27號 2 樓,74 人,3500
1415,TCCC台灣文創訓練中心-台北長安館C207空間,台灣臺北市中山區 長安東路一段27號 2 樓,64 人,3500
1416,艾弗瑞商務中心,台灣臺北市中山區 長安東路一段27號 2 樓,60 人,2000
1417,歐勳洋行創藝耍廢室,台灣臺北市中山區 長安東路一段27號 2 樓,12 人,400
1418,中華民國不動產經營管理協會,台灣臺北市中山區 長安東路一段27號 2 樓,42 人,2200
1419,中華民國不動產經營管理協會,台灣臺北市中山區 長安東路一段27號 2 樓,24 人,2000
1420,perBed 有張床共享空間,台灣臺北市中山區 長安東路一段27號 2 樓,50 人,1200
1421,靠北影像 攝影棚,台灣新北市中和區 民享街89巷7-1號 1 樓,20 人,500
1422,金融交易者商學院,台灣新北市中和區 民享街89巷7-1號 1 樓,25 人,1000
1423,公園大道分享空間股份有限公司,台灣新北市中和區 民享街89巷7-1號 1 樓,40 人,2800
1424,公園大道分享空間股份有限公司,台灣新北市中和區 民享街89巷7-1號 1 樓,40 人,2800
1425,公園大道分享空間股份有限公司,台灣新北市中和區 民享街89巷7-1號 1 樓,60 人,3500
1426,公園大道分享空間股份有限公司,台灣新北市中和區 民享街89巷7-1號 1 樓,30 人,2000
1427,J好呷·和牛燒肉 跨界料理 桃園旗艦店,台灣新北市中和區 民享街89巷7-1號 1 樓,60 人,1500
1428,公園大道分享空間股份有限公司,台灣新北市中和區 民享街89巷7-1號 1 樓,40 人,2800
1429,公園大道分享空間股份有限公司,台灣新北市中和區 民享街89巷7-1號 1 樓,60 人,4000
1430,全套式小型會議室,台灣新北市中和區 民享街89巷7-1號 1 樓,20 人,600
1431,俊傑館全齡養生宅,台灣臺南市南區 樹林街二段253號 8 樓,20 人,4000
1432,玩藝空間,台灣臺南市南區 樹林街二段253號 8 樓,30 人,250
1433,福滿門,台灣臺南市南區 樹林街二段253號 8 樓,26 人,250
1434,潤學商務共享中心,台灣臺南市南區 樹林街二段253號 8 樓,40 人,2400
1435,神創意攝影空間,台灣臺南市南區 樹林街二段253號 8 樓,15 人,500
1436,亨崵,台灣臺南市南區 樹林街二段253號 8 樓,21 人,500
1437,村舍,台灣臺南市南區 樹林街二段253號 8 樓,50 人,1500
1438,天綠共享空間,台灣臺南市南區 樹林街二段253號 8 樓,30 人,500
1439,廢墟BAR,台灣臺南市南區 樹林街二段253號 8 樓,16 人,800
1440,皇家NTC商務中心,台灣臺南市南區 樹林街二段253號 8 樓,100 人,12000
1441,廢墟BAR,台灣高雄市鹽埕區 瀨南街205號 1 樓,40 人,1000
1442,皇家NTC商務中心,台灣高雄市鹽埕區 瀨南街205號 1 樓,60 人,10000
1443,【新竹夠意思場地教室租借】時段包場方案,台灣高雄市鹽埕區 瀨南街205號 1 樓,8 人,800
1444,黃小姐,台灣高雄市鹽埕區 瀨南街205號 1 樓,10 人,300
1445,升級商務中心,台灣高雄市鹽埕區 瀨南街205號 1 樓,140 人,12500
1446,Wee聯合辦公室 Wee coworking Lab 【 博愛店 】,台灣高雄市鹽埕區 瀨南街205號 1 樓,4 人,250
1447,測試,台灣高雄市鹽埕區 瀨南街205號 1 樓,1 人,3
1448,佳興成長營,台灣高雄市鹽埕區 瀨南街205號 1 樓,110 人,10000
1449,思奧共同空間 Autonomy Co-Space,台灣高雄市鹽埕區 瀨南街205號 1 樓,4 人,300
1450,BPlus studio畢拍影像,台灣高雄市鹽埕區 瀨南街205號 1 樓,20 人,800
1451,多肉啡揚,台灣臺中市北區 台灣台中市北區華興街594號對面 2 樓,20 人,1000
1452,YYMIKI新得力,台灣臺中市北區 台灣台中市北區華興街594號對面 2 樓,10 人,600
1453,裕騰聯合有限公司,台灣臺中市北區 台灣台中市北區華興街594號對面 2 樓,4 人,280
1454,新飛國際有限公司,台灣臺中市北區 台灣台中市北區華興街594號對面 2 樓,50 人,600
1455,桃囍人文藝術館(南屯館),台灣臺中市北區 台灣台中市北區華興街594號對面 2 樓,30 人,1000
1456,桃囍人文藝術館(南屯館),台灣臺中市北區 台灣台中市北區華興街594號對面 2 樓,15 人,600
1457,桃囍人文藝術館(南屯館),台灣臺中市北區 台灣台中市北區華興街594號對面 2 樓,15 人,400
1458,PiBo Space,台灣臺中市北區 台灣台中市北區華興街594號對面 2 樓,10 人,550
1459,頂贏國際資產管理投資顧問股份有限公司,台灣臺中市北區 台灣台中市北區華興街594號對面 2 樓,26 人,700
1460,HW Lounge 雪茄咖啡館,台灣臺中市北區 台灣台中市北區華興街594號對面 2 樓,70 人,3000
1461,私立君冠音樂短期補習班,台灣桃園市桃園區 中埔二街220號 1 樓,30 人,350
1462,Furplay寵玩科技,台灣桃園市桃園區 中埔二街220號 1 樓,30 人,750
1463,HW Lounge咖啡雪茄館,台灣桃園市桃園區 中埔二街220號 1 樓,70 人,3000
1464,桃囍人文藝術館(南屯館),台灣桃園市桃園區 中埔二街220號 1 樓,30 人,900
1465,桃囍人文藝術館(南屯館),台灣桃園市桃園區 中埔二街220號 1 樓,15 人,500
1466,桃囍人文藝術館(南屯館),台灣桃園市桃園區 中埔二街220號 1 樓,15 人,300
1467,艾弗瑞商務中心,台灣桃園市桃園區 中埔二街220號 1 樓,40 人,1350
1468,艾弗瑞商務中心,台灣桃園市桃園區 中埔二街220號 1 樓,40 人,1350
1469,芮亞動態藝術,台灣桃園市桃園區 中埔二街220號 1 樓,20 人,1000
1470,卓越領航企管顧問有限公司,台灣桃園市桃園區 中埔二街220號 1 樓,40 人,550
1471,魔法空間板橋一店,台灣新北市板橋區 四川路一段105號 4 樓之 1,22 人,850
1472,魔法空間－大安,台灣新北市板橋區 四川路一段105號 4 樓之 1,22 人,800
1473,空間出借,台灣新北市板橋區 四川路一段105號 4 樓之 1,10 人,1500
1474,魔法空間－大安,台灣新北市板橋區 四川路一段105號 4 樓之 1,22 人,800
1475,玉珍齋翫書房,台灣新北市板橋區 四川路一段105號 4 樓之 1,40 人,1250
1476,growthbotics,台灣新北市板橋區 四川路一段105號 4 樓之 1,15 人,496
1477,安平愛鄰協會,台灣新北市板橋區 四川路一段105號 4 樓之 1,500 人,1
1478,福爾摩沙雲創基地,台灣新北市板橋區 四川路一段105號 4 樓之 1,30 人,2200
1479,大員創意有限公司,台灣新北市板橋區 四川路一段105號 4 樓之 1,30 人,800
1480,福爾摩沙雲創基地,台灣新北市板橋區 四川路一段105號 4 樓之 1,30 人,2200
1481,福爾摩沙雲創基地,台灣臺中市中區 綠川西街135號 12 樓之 1,28 人,2200
1482,台北工作趣Work Fun,台灣臺中市中區 綠川西街135號 12 樓之 1,30 人,990
1483,mySpace我的空間,台灣臺中市中區 綠川西街135號 12 樓之 1,38 人,2200
1484,思博客商務中心,台灣臺中市中區 綠川西街135號 12 樓之 1,14 人,450
1485,思博客商務中心,台灣臺中市中區 綠川西街135號 12 樓之 1,6 人,450
1486,思博客商務中心,台灣臺中市中區 綠川西街135號 12 樓之 1,10 人,450
1487,思博客商務中心,台灣臺中市中區 綠川西街135號 12 樓之 1,70 人,2000
1488,竤壹商務中心,台灣臺中市中區 綠川西街135號 12 樓之 1,7 人,300
1489,社團法人台北市野鳥學會關渡自然公園管理處,台灣臺中市中區 綠川西街135號 12 樓之 1,127 人,8000
1490,社團法人台北市野鳥學會關渡自然公園管理處,台灣臺中市中區 綠川西街135號 12 樓之 1,25 人,6000
1491,社團法人台北市野鳥學會關渡自然公園管理處,台灣臺北市北投區 關渡路55號 2 樓,50 人,6000
1492,香巷有限公司,台灣臺北市北投區 關渡路55號 2 樓,40 人,1000
1493,葉子共享空間,台灣臺北市北投區 關渡路55號 2 樓,5 人,1000
1494,禾日常咖啡廳,台灣臺北市北投區 關渡路55號 2 樓,25 人,300
1495,賦格音樂藝文空間,台灣臺北市北投區 關渡路55號 2 樓,25 人,800
1496,聯絡人,台灣臺北市北投區 關渡路55號 2 樓,60 人,1000
1497,AD創意+,台灣臺北市北投區 關渡路55號 2 樓,14 人,2500
1498,AD創意+,台灣臺北市北投區 關渡路55號 2 樓,10 人,3000
1499,樂放音樂展演空間有限公司,台灣臺北市北投區 關渡路55號 2 樓,50 人,1000
1500,工作樂 共想空間,台灣臺北市北投區 關渡路55號 2 樓,20 人,1500
1501,金鋒山股份有限公司,台灣臺北市內湖區 瑞光路168號9樓 9 樓,1 人,100
1502,金鋒山商務中心站前館,台灣臺北市內湖區 瑞光路168號9樓 9 樓,10 人,400
1503,百村企業有限公司,台灣臺北市內湖區 瑞光路168號9樓 9 樓,15 人,700
1504,加爾第咖啡-通化店,台灣臺北市內湖區 瑞光路168號9樓 9 樓,18 人,450
1505,永寧4號棧人文創想空間,台灣臺北市內湖區 瑞光路168號9樓 9 樓,40 人,1100
1506,思博客商務中心,台灣臺北市內湖區 瑞光路168號9樓 9 樓,20 人,1000
1507,思博客商務中心,台灣臺北市內湖區 瑞光路168號9樓 9 樓,30 人,1200
1508,思博客商務中心,台灣臺北市內湖區 瑞光路168號9樓 9 樓,50 人,1575
1509,艾爾麗,台灣臺北市內湖區 瑞光路168號9樓 9 樓,10 人,3000
1510,肆樓喜劇,台灣臺北市內湖區 瑞光路168號9樓 9 樓,30 人,1000
1511,口香糖俱樂部股份有限公司,台灣臺北市信義區 信義路五段18號地下 1 樓,120 人,72000
1512,出租空間,台灣臺北市信義區 信義路五段18號地下 1 樓,48 人,1500
1513,陳先生,台灣臺北市信義區 信義路五段18號地下 1 樓,30 人,36000
1514,永寧4號棧人文創想空間,台灣臺北市信義區 信義路五段18號地下 1 樓,15 人,650
1515,永寧4號棧人文創想空間,台灣臺北市信義區 信義路五段18號地下 1 樓,4 人,550
1516,永寧4號棧人文創想空間,台灣臺北市信義區 信義路五段18號地下 1 樓,8 人,550
1517,WEIBO商務共享空間,台灣臺北市信義區 信義路五段18號地下 1 樓,40 人,500
1518,Huset,台灣臺北市信義區 信義路五段18號地下 1 樓,15 人,1200
1519,心之谷永續教育園區,台灣臺北市信義區 信義路五段18號地下 1 樓,200 人,4500
1520,WEIBO商務共享空間,台灣臺北市信義區 信義路五段18號地下 1 樓,15 人,500
1521,WEIBO商務共享空間,台灣高雄市新興區 和平一路199號 12 樓,70 人,800
1522,赫綵設計學院-站前學院,台灣高雄市新興區 和平一路199號 12 樓,37 人,1400
1523,赫綵設計學院-站前二站學院,台灣高雄市新興區 和平一路199號 12 樓,16 人,1200
1524,BEAUCOUP,台灣高雄市新興區 和平一路199號 12 樓,10 人,800
1525,築夢創玩中心,台灣高雄市新興區 和平一路199號 12 樓,30 人,600
1526,大瀚國際會議中心 - 民權中心,台灣高雄市新興區 和平一路199號 12 樓,7 人,1000
1527,大瀚國際會議中心 - 市府中心,台灣高雄市新興區 和平一路199號 12 樓,5 人,1000
1528,TRADERS' SOCIETY交易室,台灣高雄市新興區 和平一路199號 12 樓,40 人,600
1529,【大瀚環球】內湖 商務會議室,台灣高雄市新興區 和平一路199號 12 樓,8 人,1000
1530,樂芙(美髮)教室租借空間,台灣高雄市新興區 和平一路199號 12 樓,20 人,500
1531,赫綵電腦設計學院-台中學院,台灣臺中市北區 尊賢街7號 12 樓,30 人,1200
1532,赫綵電腦設計學院-台中學院,台灣臺中市北區 尊賢街7號 12 樓,30 人,1400
1533,赫綵電腦設計學院-高雄學院,台灣臺中市北區 尊賢街7號 12 樓,25 人,1200
1534,赫綵電腦設計學院-高雄學院,台灣臺中市北區 尊賢街7號 12 樓,30 人,1400
1535,MOON SHADOW,台灣臺中市北區 尊賢街7號 12 樓,1 人,200
1536,浮島日常藝文企業社,台灣臺中市北區 尊賢街7號 12 樓,30 人,2000
1537,天晴好日咖啡餐館,台灣臺中市北區 尊賢街7號 12 樓,30 人,1000
1538,Sync co-working space (鑫空間-博愛二館) R12 後驛捷運站,台灣臺中市北區 尊賢街7號 12 樓,40 人,1000
1539,STARS美學館,台灣臺中市北區 尊賢街7號 12 樓,100 人,1800
1540,紅樹林安泰登峰 - 長傳企管,台灣臺中市北區 尊賢街7號 12 樓,50 人,600
