名稱,地址,容量,價格
信二家廚 Shinji Living,台灣臺北市中正區 濟南路二段62巷23號1樓 1 樓,18 人,每小時 $1380 起
愛佳泊,台灣臺北市中正區 濟南路二段62巷23號1樓 1 樓,80 人,每小時 $1200 起
Happ. 小樹屋,台灣臺北市中正區 濟南路二段62巷23號1樓 1 樓,4 人,每小時 $220 起
Happ. 小樹屋,台灣臺北市中正區 濟南路二段62巷23號1樓 1 樓,40 人,每時段 $1200 起
Happ. 小樹屋,台灣臺北市中正區 濟南路二段62巷23號1樓 1 樓,40 人,每小時 $150 起
愛佳泊,台灣臺北市中正區 濟南路二段62巷23號1樓 1 樓,10 人,每小時 $400 起
毛時光共享空間,台灣臺北市中正區 濟南路二段62巷23號1樓 1 樓,50 人,每小時 $700 起
日富空間,台灣臺北市中正區 濟南路二段62巷23號1樓 1 樓,20 人,每小時 $450 起
幸福廚藝教室,台灣臺北市中正區 濟南路二段62巷23號1樓 1 樓,60 人,每小時 $700 起
Happ. 小樹屋,台灣臺北市中正區 濟南路二段62巷23號1樓 1 樓,8 人,每小時 $420 起
田舍有限公司,台灣臺北市南港區 富康街1巷2號 1 樓,10 人,每小時 $350 起
Swing Taiwan 藝文空間!!台中美術園區,台灣臺北市南港區 富康街1巷2號 1 樓,30 人,每小時 $500 起
LE CARRÉ 拉開門,台灣臺北市南港區 富康街1巷2號 1 樓,49 人,每小時 $399 起
ness family club,台灣臺北市南港區 富康街1巷2號 1 樓,50 人,每時段 $20000 起
Happ. 小樹屋,台灣臺北市南港區 富康街1巷2號 1 樓,6 人,每小時 $370 起
HOWSHOW共享空間,台灣臺北市南港區 富康街1巷2號 1 樓,20 人,每小時 $450 起
D.LAB 商務空間,台灣臺北市南港區 富康街1巷2號 1 樓,30 人,每時段 $5200 起
Mix&Match複合式咖啡館,台灣臺北市南港區 富康街1巷2號 1 樓,20 人,每小時 $3000 起
比日山 TtdH｜創意分享空間,台灣臺北市南港區 富康街1巷2號 1 樓,20 人,每小時 $700 起
Happ. 小樹屋,台灣臺北市南港區 富康街1巷2號 1 樓,10 人,每小時 $360 起
IN BAR Kaohsiung,台灣高雄市苓雅區 海邊路105號 1 樓,50 人,每小時 $500 起
心流逸境工作室,台灣高雄市苓雅區 海邊路105號 1 樓,24 人,每小時 $500 起
藏風藝文空間,台灣高雄市苓雅區 海邊路105號 1 樓,100 人,每小時 $1250 起
Syntrend Show,台灣高雄市苓雅區 海邊路105號 1 樓,400 人,每時段 $70000 起
Happ. 小樹屋,台灣高雄市苓雅區 海邊路105號 1 樓,7 人,每小時 $460 起
Happ. 小樹屋,台灣高雄市苓雅區 海邊路105號 1 樓,4 人,每小時 $280 起
Happ. 小樹屋,台灣高雄市苓雅區 海邊路105號 1 樓,10 人,每小時 $490 起
Happ. 小樹屋,台灣高雄市苓雅區 海邊路105號 1 樓,12 人,每小時 $790 起
Happ. 小樹屋,台灣高雄市苓雅區 海邊路105號 1 樓,6 人,每小時 $420 起
三木空間_近松山車站東出口~~~鬧中取靜窗外綠植景觀場地空間,台灣高雄市苓雅區 海邊路105號 1 樓,60 人,每時段 $5775 起
Happ. 小樹屋,台灣臺中市西區 精誠七街4號 2 樓 204 室,7 人,每小時 $410 起
玖蒔玖house99,台灣臺中市西區 精誠七街4號 2 樓 204 室,50 人,每時段 $3500 起
T&J商務分享空間,台灣臺中市西區 精誠七街4號 2 樓 204 室,20 人,每小時 $250 起
Qspace會議中心,台灣臺中市西區 精誠七街4號 2 樓 204 室,90 人,每小時 $2000 起
兔子咬手作烘焙,台灣臺中市西區 精誠七街4號 2 樓 204 室,15 人,每時段 $300 起
北大愛輪,台灣臺中市西區 精誠七街4號 2 樓 204 室,40 人,每小時 $300 起
Terminal C 兆基國際新創聚落,台灣臺中市西區 精誠七街4號 2 樓 204 室,158 人,每小時 $1500 起
好睡咖啡,台灣臺中市西區 精誠七街4號 2 樓 204 室,25 人,每小時 $1000 起
心煦心理治療所,台灣臺中市西區 精誠七街4號 2 樓 204 室,15 人,每小時 $750 起
杏羽藝術,台灣臺中市西區 精誠七街4號 2 樓 204 室,25 人,每時段 $450 起
興新富有限公司,台灣臺北市內湖區 新明路179號 12 樓,30 人,每小時 $1500 起
GEOS大世界外語學院,台灣臺北市內湖區 新明路179號 12 樓,4 人,每小時 $250 起
百代茶集 Dynastea,台灣臺北市內湖區 新明路179號 12 樓,25 人,每小時 $750 起
福滿門,台灣臺北市內湖區 新明路179號 12 樓,26 人,每小時 $250 起
Uni Furniture&Studio,台灣臺北市內湖區 新明路179號 12 樓,30 人,每小時 $2500 起
中國文化大學APA藝文中心,台灣臺北市內湖區 新明路179號 12 樓,10 人,每時段 $4000 起
舞齡咖啡館,台灣臺北市內湖區 新明路179號 12 樓,25 人,每小時 $1000 起
黎明書局/好時光咖啡,台灣臺北市內湖區 新明路179號 12 樓,10 人,每小時 $250 起
TeSA臺灣電子商務創業暨聯誼協會,台灣臺北市內湖區 新明路179號 12 樓,70 人,每時段 $4500 起
TeSA臺灣電子商務創業暨聯誼協會,台灣臺北市內湖區 新明路179號 12 樓,50 人,每時段 $3500 起
TeSA臺灣電子商務創業暨聯誼協會,台灣臺北市中正區 青島東路 7 號 2 樓之 1,30 人,每時段 $2500 起
TeSA臺灣電子商務創業暨聯誼協會,台灣臺北市中正區 青島東路 7 號 2 樓之 1,12 人,每時段 $1500 起
小巷柒食,台灣臺北市中正區 青島東路 7 號 2 樓之 1,10 人,每時段 $1000 起
Triangle三角空間,台灣臺北市中正區 青島東路 7 號 2 樓之 1,20 人,每小時 $1000 起
窩客文化,台灣臺北市中正區 青島東路 7 號 2 樓之 1,20 人,每小時 $500 起
樂齡協會,台灣臺北市中正區 青島東路 7 號 2 樓之 1,20 人,每小時 $560 起
GEOS大世界外語學院,台灣臺北市中正區 青島東路 7 號 2 樓之 1,10 人,每小時 $500 起
GEOS大世界外語學院,台灣臺北市中正區 青島東路 7 號 2 樓之 1,10 人,每小時 $500 起
昕群音樂展演教學中心,台灣臺北市中正區 青島東路 7 號 2 樓之 1,2 人,每小時 $180 起
艾諾瑪空間,台灣臺北市中正區 青島東路 7 號 2 樓之 1,30 人,每小時 $150 起
府都建設One+_All for kids,台灣臺南市東區 長榮路一段地下 1 樓 納川 室,60 人,每小時 $2000 起
潤學商務共享中心,台灣臺南市東區 長榮路一段地下 1 樓 納川 室,70 人,每時段 $3000 起
潤學商務共享中心,台灣臺南市東區 長榮路一段地下 1 樓 納川 室,20 人,每時段 $1200 起
伴工勤美館,台灣臺南市東區 長榮路一段地下 1 樓 納川 室,10 人,每小時 $300 起
拿鐵管理共享空間,台灣臺南市東區 長榮路一段地下 1 樓 納川 室,10 人,每小時 $834 起
威保智能國際商務中心,台灣臺南市東區 長榮路一段地下 1 樓 納川 室,100 人,每小時 $500 起
三絕音樂,台灣臺南市東區 長榮路一段地下 1 樓 納川 室,8 人,每小時 $200 起
萊客共享空間,台灣臺南市東區 長榮路一段地下 1 樓 納川 室,75 人,每時段 $2250 起
玄牝. Marwygafen.,台灣臺南市東區 長榮路一段地下 1 樓 納川 室,20 人,每小時 $700 起
玄牝. Marwygafen.,台灣臺南市東區 長榮路一段地下 1 樓 納川 室,10 人,每小時 $350 起
玄牝. Marwygafen.,台灣臺北市松山區 光復北路154號 4 樓,10 人,每小時 $350 起
玄牝. Marwygafen.,台灣臺北市松山區 光復北路154號 4 樓,30 人,每小時 $900 起
MASTER PROJECT STUDIO,台灣臺北市松山區 光復北路154號 4 樓,15 人,每小時 $800 起
C&W 商務中心,台灣臺北市松山區 光復北路154號 4 樓,10 人,每小時 $500 起
萊客共享空間,台灣臺北市松山區 光復北路154號 4 樓,36 人,每時段 $1800 起
萊客共享空間,台灣臺北市松山區 光復北路154號 4 樓,135 人,每時段 $5250 起
萊客共享空間,台灣臺北市松山區 光復北路154號 4 樓,64 人,每時段 $5850 起
萊客共享空間,台灣臺北市松山區 光復北路154號 4 樓,30 人,每時段 $1440 起
萊客共享空間,台灣臺北市松山區 光復北路154號 4 樓,220 人,每時段 $11100 起
Damngood.tw,台灣臺北市松山區 光復北路154號 4 樓,55 人,每小時 $3000 起
夏洛特高雄美術館體驗店,台灣高雄市鼓山區 河西一路1435號 2 樓,2 人,每小時 $150 起
Uni Furniture&Studio,台灣高雄市鼓山區 河西一路1435號 2 樓,15 人,每時段 $350 起
苔蘚視角文化工作室,台灣高雄市鼓山區 河西一路1435號 2 樓,25 人,每小時 $500 起
好映故事廣告創意有限公司,台灣高雄市鼓山區 河西一路1435號 2 樓,20 人,每小時 $600 起
巴米爾咖啡,台灣高雄市鼓山區 河西一路1435號 2 樓,30 人,每時段 $1500 起
梅樓商務空間,台灣高雄市鼓山區 河西一路1435號 2 樓,30 人,每小時 $500 起
存子花園1491,台灣高雄市鼓山區 河西一路1435號 2 樓,12 人,每小時 $300 起
米米庫,台灣高雄市鼓山區 河西一路1435號 2 樓,30 人,每小時 $1500 起
北頭娛椿共同實驗空間,台灣高雄市鼓山區 河西一路1435號 2 樓,30 人,每時段 $4000 起
Uni Furniture&Studio,台灣高雄市鼓山區 河西一路1435號 2 樓,4 人,每小時 $800 起
居家整聊股份有限公司,台灣臺北市松山區 南京東路四段186號,30 人,每小時 $1100 起
百代茶集,台灣臺北市松山區 南京東路四段186號,25 人,每小時 $600 起
克里德菁英商務中心,台灣臺北市松山區 南京東路四段186號,8 人,每小時 $1000 起
克里德菁英商務中心,台灣臺北市松山區 南京東路四段186號,5 人,每小時 $1000 起
克里德菁英商務中心,台灣臺北市松山區 南京東路四段186號,10 人,每小時 $1000 起
克里德菁英商務中心,台灣臺北市松山區 南京東路四段186號,6 人,每小時 $600 起
家博士防水材料有限公司,台灣臺北市松山區 南京東路四段186號,30 人,每時段 $3000 起
Gumgum Beer & Wings 雞翅啤酒吧,台灣臺北市松山區 南京東路四段186號,100 人,每小時 $5500 起
無我空間影業,台灣臺北市松山區 南京東路四段186號,20 人,每小時 $1500 起
群美資訊股份有限公司,台灣臺北市松山區 南京東路四段186號,50 人,每時段 $2400 起
BIBC中山綻國際商務中心,台灣臺北市大同區 南京西路57號 3 樓之 7 307E 室,5 人,每小時 $600 起
伴工勤美館,台灣臺北市大同區 南京西路57號 3 樓之 7 307E 室,8 人,每小時 $300 起
益新國際,台灣臺北市大同區 南京西路57號 3 樓之 7 307E 室,40 人,每小時 $3000 起
朵躲雨小姐。療癒空間,台灣臺北市大同區 南京西路57號 3 樓之 7 307E 室,12 人,每小時 $450 起
朵躲雨小姐。療癒空間,台灣臺北市大同區 南京西路57號 3 樓之 7 307E 室,12 人,每小時 $400 起
朵躲雨小姐。療癒空間,台灣臺北市大同區 南京西路57號 3 樓之 7 307E 室,6 人,每小時 $350 起
朵躲雨小姐。療癒空間,台灣臺北市大同區 南京西路57號 3 樓之 7 307E 室,8 人,每小時 $450 起
朵躲雨小姐。療癒空間,台灣臺北市大同區 南京西路57號 3 樓之 7 307E 室,6 人,每小時 $250 起
朵躲雨小姐。療癒空間,台灣臺北市大同區 南京西路57號 3 樓之 7 307E 室,10 人,每小時 $200 起
JENNY CHOU,台灣臺北市大同區 南京西路57號 3 樓之 7 307E 室,35 人,每小時 $2500 起
SY管理員,台灣新北市板橋區 新北市民權路302巷17號1樓 1 樓,20 人,每小時 $350 起
幸福能量 學苑,台灣新北市板橋區 新北市民權路302巷17號1樓 1 樓,30 人,每小時 $1200 起
幸福能量 學苑,台灣新北市板橋區 新北市民權路302巷17號1樓 1 樓,10 人,每小時 $700 起
幸福能量 學苑,台灣新北市板橋區 新北市民權路302巷17號1樓 1 樓,4 人,每小時 $350 起
蔚萊教育有限公司,台灣新北市板橋區 新北市民權路302巷17號1樓 1 樓,25 人,每時段 $2000 起
玩聚空間,台灣新北市板橋區 新北市民權路302巷17號1樓 1 樓,12 人,每小時 $400 起
玩聚空間,台灣新北市板橋區 新北市民權路302巷17號1樓 1 樓,18 人,每小時 $600 起
玩聚空間,台灣新北市板橋區 新北市民權路302巷17號1樓 1 樓,16 人,每小時 $700 起
玩聚空間,台灣新北市板橋區 新北市民權路302巷17號1樓 1 樓,8 人,每小時 $240 起
新竹頂贏國際商業股份有限公司,台灣新北市板橋區 新北市民權路302巷17號1樓 1 樓,27 人,每小時 $450 起
裕豐公寓大廈管理維護股份有限公司,台灣新北市新店區 中興路3段3號 1 樓,500 人,每時段 $57500 起
智璽會議中心,台灣新北市新店區 中興路3段3號 1 樓,40 人,每時段 $7000 起
裕豐公寓大廈管理維護股份有限公司,台灣新北市新店區 中興路3段3號 1 樓,80 人,每時段 $8050 起
萊客共享空間,台灣新北市新店區 中興路3段3號 1 樓,28 人,每小時 $1200 起
玩聚空間,台灣新北市新店區 中興路3段3號 1 樓,40 人,每小時 $1500 起
小草知識管理學院（GKM承德教室）,台灣新北市新店區 中興路3段3號 1 樓,100 人,每時段 $3200 起
吾思學人內湖店,台灣新北市新店區 中興路3段3號 1 樓,25 人,每小時 $500 起
小角落Hostel & Cafe,台灣新北市新店區 中興路3段3號 1 樓,16 人,每小時 $1000 起
達睿共享空間,台灣新北市新店區 中興路3段3號 1 樓,50 人,每小時 $1050 起
智璽會議中心,台灣新北市新店區 中興路3段3號 1 樓,20 人,每時段 $4800 起
智璽會議中心,台灣臺北市中山區 南京東路二段206號 4 樓之 1,6 人,每小時 $700 起
智璽會議中心,台灣臺北市中山區 南京東路二段206號 4 樓之 1,6 人,每小時 $700 起
智璽會議中心,台灣臺北市中山區 南京東路二段206號 4 樓之 1,40 人,每時段 $9000 起
豐溢創富學苑,台灣臺北市中山區 南京東路二段206號 4 樓之 1,30 人,每時段 $1800 起
宜蘭人故事館,台灣臺北市中山區 南京東路二段206號 4 樓之 1,180 人,每小時 $3000 起
宜蘭人故事館,台灣臺北市中山區 南京東路二段206號 4 樓之 1,52 人,每小時 $5000 起
祥興國際商務中心,台灣臺北市中山區 南京東路二段206號 4 樓之 1,14 人,每時段 $3000 起
達睿共享空間,台灣臺北市中山區 南京東路二段206號 4 樓之 1,30 人,每小時 $850 起
達睿共享空間,台灣臺北市中山區 南京東路二段206號 4 樓之 1,40 人,每小時 $950 起
達睿共享空間,台灣臺北市中山區 南京東路二段206號 4 樓之 1,20 人,每小時 $750 起
達睿共享空間,台灣高雄市三民區 博愛一路287號 5 樓,6 人,每小時 $300 起
新竹頂贏國際商業股份有限公司,台灣高雄市三民區 博愛一路287號 5 樓,10 人,每小時 $300 起
新竹頂贏國際商業股份有限公司,台灣高雄市三民區 博愛一路287號 5 樓,5 人,每小時 $150 起
24H空間共享,台灣高雄市三民區 博愛一路287號 5 樓,50 人,每小時 $900 起
艾聚普股份有限公司,台灣高雄市三民區 博愛一路287號 5 樓,30 人,每小時 $750 起
與點堂,台灣高雄市三民區 博愛一路287號 5 樓,30 人,每小時 $2000 起
帕帕拉夏音樂學院,台灣高雄市三民區 博愛一路287號 5 樓,30 人,每小時 $600 起
小草知識管理學院（GKM承德教室）,台灣高雄市三民區 博愛一路287號 5 樓,60 人,每時段 $2800 起
小草知識管理學院（GKM承德教室）,台灣高雄市三民區 博愛一路287號 5 樓,10 人,每時段 $1000 起
小草知識管理學院（GKM承德教室）,台灣高雄市三民區 博愛一路287號 5 樓,2 人,每小時 $800 起
2 SEEDs Brunch,台灣臺北市大安區 大安路一段31巷42號 1 樓,25 人,每小時 $2000 起
森棠藝術,台灣臺北市大安區 大安路一段31巷42號 1 樓,10 人,每小時 $150 起
卡卡城,台灣臺北市大安區 大安路一段31巷42號 1 樓,50 人,每小時 $800 起
ROOM58,台灣臺北市大安區 大安路一段31巷42號 1 樓,8 人,每時段 $2000 起
Grill Hub 戶外烤肉派對會館,台灣臺北市大安區 大安路一段31巷42號 1 樓,60 人,每小時 $1500 起
心家,台灣臺北市大安區 大安路一段31巷42號 1 樓,20 人,每小時 $500 起
24H空間共享,台灣臺北市大安區 大安路一段31巷42號 1 樓,40 人,每小時 $600 起
威保智能國際商務中心,台灣臺北市大安區 大安路一段31巷42號 1 樓,40 人,每小時 $500 起
威保智能國際商務中心,台灣臺北市大安區 大安路一段31巷42號 1 樓,24 人,每小時 $400 起
威保智能國際商務中心,台灣臺北市大安區 大安路一段31巷42號 1 樓,72 人,每小時 $1000 起
威保智能國際商務中心,台灣高雄市新興區 和平一路199號 12 樓,60 人,每小時 $900 起
威保智能國際商務中心,台灣高雄市新興區 和平一路199號 12 樓,100 人,每小時 $1400 起
威保智能國際商務中心,台灣高雄市新興區 和平一路199號 12 樓,16 人,每小時 $300 起
威保智能國際商務中心,台灣高雄市新興區 和平一路199號 12 樓,4 人,每小時 $300 起
威保智能國際商務中心,台灣高雄市新興區 和平一路199號 12 樓,2 人,每小時 $500 起
威保智能國際商務中心,台灣高雄市新興區 和平一路199號 12 樓,4 人,每小時 $23 起
藝大精品咖啡館,台灣高雄市新興區 和平一路199號 12 樓,35 人,每小時 $1500 起
Amor Fati 天命酒館,台灣高雄市新興區 和平一路199號 12 樓,25 人,每小時 $1000 起
思博客商務中心,台灣高雄市新興區 和平一路199號 12 樓,8 人,每小時 $450 起
ROOM58,台灣高雄市新興區 和平一路199號 12 樓,35 人,每小時 $3800 起
職初共享藝術空間 JHIH CHU Atelier,台灣新北市中和區 中山路二段296號 7 樓之 2,30 人,每小時 $2000 起
超越創新健康生活館,台灣新北市中和區 中山路二段296號 7 樓之 2,8 人,每小時 $300 起
超越創新健康生活館,台灣新北市中和區 中山路二段296號 7 樓之 2,40 人,每小時 $1000 起
BIBC中山綻國際商務中心,台灣新北市中和區 中山路二段296號 7 樓之 2,14 人,每小時 $1000 起
BIBC中山綻國際商務中心,台灣新北市中和區 中山路二段296號 7 樓之 2,6 人,每小時 $600 起
Epic Taipei展演空間,台灣新北市中和區 中山路二段296號 7 樓之 2,500 人,每小時 $10000 起
桃園市經絡調理服務人員職業工會,台灣新北市中和區 中山路二段296號 7 樓之 2,100 人,每時段 $3000 起
邊境工作室,台灣新北市中和區 中山路二段296號 7 樓之 2,100 人,每小時 $2000 起
浩室物業有限公司,台灣新北市中和區 中山路二段296號 7 樓之 2,200 人,每小時 $2400 起
浩室物業有限公司,台灣新北市中和區 中山路二段296號 7 樓之 2,50 人,每時段 $4000 起
浩室物業有限公司,台灣臺北市萬華區 昆明街316號地下 1 樓,80 人,每時段 $8000 起
新浩裕投資發展有限公司,台灣臺北市萬華區 昆明街316號地下 1 樓,8 人,每小時 $250 起
暖心空間 Cozy Space,台灣臺北市萬華區 昆明街316號地下 1 樓,20 人,每小時 $1200 起
萊客共享空間,台灣臺北市萬華區 昆明街316號地下 1 樓,220 人,每小時 $500 起
萊客共享空間,台灣臺北市萬華區 昆明街316號地下 1 樓,20 人,每小時 $300 起
JUR space 共享空間,台灣臺北市萬華區 昆明街316號地下 1 樓,45 人,每小時 $1350 起
遇見好課,台灣臺北市萬華區 昆明街316號地下 1 樓,42 人,每小時 $1200 起
嘎滴狼鐵板手作料理 Gadilung,台灣臺北市萬華區 昆明街316號地下 1 樓,14 人,每小時 $600 起
冉月工作室,台灣臺北市萬華區 昆明街316號地下 1 樓,25 人,每小時 $600 起
蕭譯權,台灣臺北市萬華區 昆明街316號地下 1 樓,18 人,每小時 $360 起
Starterland 新創基地,台灣臺北市松山區 民生東路三段113巷7弄10號 1 樓,8 人,每小時 $300 起
甜家共同工作空間,台灣臺北市松山區 民生東路三段113巷7弄10號 1 樓,20 人,每小時 $600 起
甜家共同工作空間,台灣臺北市松山區 民生東路三段113巷7弄10號 1 樓,3 人,每小時 $300 起
甜家共同工作空間,台灣臺北市松山區 民生東路三段113巷7弄10號 1 樓,6 人,每小時 $350 起
勾勾婚禮,台灣臺北市松山區 民生東路三段113巷7弄10號 1 樓,150 人,每小時 $8000 起
Stage咖啡維度聚所,台灣臺北市松山區 民生東路三段113巷7弄10號 1 樓,50 人,每時段 $5000 起
甜家共同工作空間,台灣臺北市松山區 民生東路三段113巷7弄10號 1 樓,3 人,每小時 $300 起
甜家共同工作空間,台灣臺北市松山區 民生東路三段113巷7弄10號 1 樓,6 人,每小時 $350 起
捷運幸福站｜迷你宅,台灣臺北市松山區 民生東路三段113巷7弄10號 1 樓,10 人,每小時 $900 起
寰宇創新會議中心 UICBC Conference Center,台灣臺北市松山區 民生東路三段113巷7弄10號 1 樓,4 人,每小時 $300 起
寰宇創新會議中心 UICBC Conference Center,台灣臺北市松山區 民權東路178號 7 樓,6 人,每小時 $500 起
Sēn yi 森一空間,台灣臺北市松山區 民權東路178號 7 樓,50 人,每小時 $1500 起
DreamMaker Hub 造夢基地共享空間-台南民族館,台灣臺北市松山區 民權東路178號 7 樓,20 人,每小時 $300 起
桌弄有限公司,台灣臺北市松山區 民權東路178號 7 樓,40 人,每小時 $1000 起
艾莎59共享空間,台灣臺北市松山區 民權東路178號 7 樓,6 人,每小時 $220 起
Real Place場地租借/共享空間,台灣臺北市松山區 民權東路178號 7 樓,40 人,每小時 $800 起
Real Place場地租借/共享空間,台灣臺北市松山區 民權東路178號 7 樓,15 人,每小時 $500 起
宅zài風格生活,台灣臺北市松山區 民權東路178號 7 樓,15 人,每小時 $1200 起
丘琦欣,台灣臺北市松山區 民權東路178號 7 樓,70 人,每小時 $1700 起
動力家極限運動場,台灣臺北市松山區 民權東路178號 7 樓,80 人,每小時 $5000 起
歐德職能培訓有限公司,台灣新竹縣竹東鎮 中興路三段114號 1 樓,16 人,每小時 $1000 起
轉屋,台灣新竹縣竹東鎮 中興路三段114號 1 樓,11 人,每小時 $600 起
社團法人台灣職業技能訓練學會,台灣新竹縣竹東鎮 中興路三段114號 1 樓,35 人,每時段 $3000 起
華燈市,台灣新竹縣竹東鎮 中興路三段114號 1 樓,350 人,每小時 $3200 起
忽然散步店長,台灣新竹縣竹東鎮 中興路三段114號 1 樓,20 人,每小時 $300 起
睿智國際投資股份有限公司,台灣新竹縣竹東鎮 中興路三段114號 1 樓,35 人,每小時 $1000 起
聯經出版事業股份有限公司,台灣新竹縣竹東鎮 中興路三段114號 1 樓,60 人,每小時 $733 起
❤️拾異空間❤️ 松山車站旁_雙捷運+ 台鐵_高CP值教室場地,台灣新竹縣竹東鎮 中興路三段114號 1 樓,10 人,每小時 $400 起
中台灣創新園區,台灣新竹縣竹東鎮 中興路三段114號 1 樓,14 人,每小時 $700 起
中台灣創新園區,台灣新竹縣竹東鎮 中興路三段114號 1 樓,48 人,每小時 $1000 起
拾六 TEA &  SPACE,台灣臺中市豐原區 圓環北路二段16號,20 人,每小時 $500 起
中台灣創新園區,台灣臺中市豐原區 圓環北路二段16號,30 人,每小時 $800 起
中台灣創新園區,台灣臺中市豐原區 圓環北路二段16號,48 人,每小時 $1000 起
中台灣創新園區,台灣臺中市豐原區 圓環北路二段16號,78 人,每小時 $1800 起
中台灣創新園區,台灣臺中市豐原區 圓環北路二段16號,210 人,每小時 $2250 起
中台灣創新園區,台灣臺中市豐原區 圓環北路二段16號,250 人,每小時 $3250 起
金采攝影棚,台灣臺中市豐原區 圓環北路二段16號,25 人,每小時 $600 起
R23糖倉會展中心,台灣臺中市豐原區 圓環北路二段16號,120 人,每小時 $3500 起
R23糖倉會展中心,台灣臺中市豐原區 圓環北路二段16號,120 人,每小時 $9520 起
願由好室,台灣臺中市豐原區 圓環北路二段16號,12 人,每小時 $700 起
R23糖倉會展中心,台灣高雄市橋頭區 糖廠路24號,350 人,每小時 $13000 起
R23糖倉會展中心,台灣高雄市橋頭區 糖廠路24號,350 人,每時段 $65000 起
R23糖倉會展中心,台灣高雄市橋頭區 糖廠路24號,350 人,每小時 $13500 起
R23糖倉會展中心,台灣高雄市橋頭區 糖廠路24號,100 人,每小時 $4300 起
凱齡爾靚眼美學中心,台灣高雄市橋頭區 糖廠路24號,60 人,每小時 $2000 起
可喜空間台南館,台灣高雄市橋頭區 糖廠路24號,20 人,每小時 $500 起
可喜空間台南館,台灣高雄市橋頭區 糖廠路24號,20 人,每小時 $500 起
可喜空間台南館,台灣高雄市橋頭區 糖廠路24號,40 人,每小時 $1000 起
有艇俱樂部,台灣高雄市橋頭區 糖廠路24號,60 人,每時段 $24000 起
DreamMaker Hub 造夢基地共享空間-台南民族館,台灣高雄市橋頭區 糖廠路24號,20 人,每小時 $80 起
樂活教室,台灣臺北市內湖區 瑞光路337號 8 樓,20 人,每小時 $1800 起
Fatty,台灣臺北市內湖區 瑞光路337號 8 樓,30 人,每小時 $900 起
花彩Suzalon,台灣臺北市內湖區 瑞光路337號 8 樓,30 人,每時段 $1800 起
Create Cafe 創造咖啡店,台灣臺北市內湖區 瑞光路337號 8 樓,45 人,每時段 $5000 起
珈拿莊園,台灣臺北市內湖區 瑞光路337號 8 樓,330 人,每小時 $10000 起
台北市室內設計裝修商業同業公會,台灣臺北市內湖區 瑞光路337號 8 樓,50 人,每時段 $7000 起
艾瑞瓷精密股份有限公司,台灣臺北市內湖區 瑞光路337號 8 樓,10 人,每小時 $1000 起
隅生咖啡工作室,台灣臺北市內湖區 瑞光路337號 8 樓,12 人,每時段 $1000 起
DreamMaker Hub 造夢基地共享空間-台南民族館,台灣臺北市內湖區 瑞光路337號 8 樓,60 人,每小時 $60 起
獺空間 Aotter Space,台灣臺北市內湖區 瑞光路337號 8 樓,60 人,每時段 $2300 起
獺空間 Aotter Space,台灣臺北市松山區 光復北路95號 1 樓,4 人,每小時 $700 起
易棧物業投資顧問有限公司,台灣臺北市松山區 光復北路95號 1 樓,10 人,每小時 $750 起
⟢ Ｍ號棚攝影棚出租 ⟣,台灣臺北市松山區 光復北路95號 1 樓,15 人,每時段 $1500 起
左鄰右舍藝文展演空間,台灣臺北市松山區 光復北路95號 1 樓,250 人,每時段 $12400 起
艾可音樂中心 Artco Music,台灣臺北市松山區 光復北路95號 1 樓,20 人,每小時 $1500 起
艾可音樂中心 Artco Music,台灣臺北市松山區 光復北路95號 1 樓,8 人,每小時 $200 起
逸空間 Yi-Spaces,台灣臺北市松山區 光復北路95號 1 樓,60 人,每時段 $5050 起
逸空間 Yi-Spaces,台灣臺北市松山區 光復北路95號 1 樓,70 人,每時段 $6000 起
我們的力量股份有限公司,台灣臺北市松山區 光復北路95號 1 樓,150 人,每時段 $12474 起
夢境花藝,台灣臺北市松山區 光復北路95號 1 樓,10 人,每小時 $850 起
貓舌頭自助廚房,台灣臺中市北區 忠太東路117號 1 樓,10 人,每小時 $650 起
Terminal C 兆基國際新創聚落,台灣臺中市北區 忠太東路117號 1 樓,16 人,每小時 $500 起
Terminal C 兆基國際新創聚落,台灣臺中市北區 忠太東路117號 1 樓,8 人,每小時 $500 起
左鄰右舍藝文展演空間,台灣臺中市北區 忠太東路117號 1 樓,250 人,每時段 $12400 起
Le Phare 共享空間 - 新左營館,台灣臺中市北區 忠太東路117號 1 樓,8 人,每小時 $1500 起
Le Phare 共享空間 - 新左營館,台灣臺中市北區 忠太東路117號 1 樓,8 人,每小時 $1000 起
BIBC中山綻國際商務中心,台灣臺中市北區 忠太東路117號 1 樓,6 人,每小時 $600 起
Le Phare 共享空間 - 新左營館,台灣臺中市北區 忠太東路117號 1 樓,50 人,每小時 $2000 起
Le Phare 共享空間 - 新左營館,台灣臺中市北區 忠太東路117號 1 樓,5 人,每小時 $500 起
Le Phare 共享空間 - 新左營館,台灣臺中市北區 忠太東路117號 1 樓,100 人,每小時 $3500 起
Le Phare 共享空間 - 新左營館,台灣高雄市左營區 站前北路1號 4 樓,6 人,每小時 $500 起
瞇瞇眼遇見花花藝工作室,台灣高雄市左營區 站前北路1號 4 樓,20 人,每小時 $300 起
無敵海景宅,台灣高雄市左營區 站前北路1號 4 樓,20 人,每小時 $1500 起
囧貓苑子,台灣高雄市左營區 站前北路1號 4 樓,40 人,每時段 $1800 起
品空間,台灣高雄市左營區 站前北路1號 4 樓,20 人,每小時 $1500 起
美學空間「沃德商務中心」,台灣高雄市左營區 站前北路1號 4 樓,8 人,每小時 $420 起
川端藝會所(廈川玖肆),台灣高雄市左營區 站前北路1號 4 樓,20 人,每小時 $2000 起
品空間,台灣高雄市左營區 站前北路1號 4 樓,25 人,每小時 $1600 起
太古華電,台灣高雄市左營區 站前北路1號 4 樓,18 人,每小時 $1500 起
頭家製造所 l 頭家空間,台灣高雄市左營區 站前北路1號 4 樓,25 人,每小時 $400 起
洽恰好室,台灣臺北市大安區 信義路三段23之1號 2 樓,20 人,每小時 $1200 起
boven雜誌圖書館,台灣臺北市大安區 信義路三段23之1號 2 樓,50 人,每小時 $3150 起
派湃有限公司,台灣臺北市大安區 信義路三段23之1號 2 樓,60 人,每小時 $1260 起
邱先生,台灣臺北市大安區 信義路三段23之1號 2 樓,20 人,每小時 $350 起
菲比教室,台灣臺北市大安區 信義路三段23之1號 2 樓,18 人,每小時 $450 起
療寮,台灣臺北市大安區 信義路三段23之1號 2 樓,30 人,每小時 $1000 起
火山口 Crater Lounge,台灣臺北市大安區 信義路三段23之1號 2 樓,80 人,每小時 $1333 起
杰樂文化事業有限公司,台灣臺北市大安區 信義路三段23之1號 2 樓,5 人,每小時 $400 起
IM國際百老匯,台灣臺北市大安區 信義路三段23之1號 2 樓,50 人,每小時 $1000 起
IM國際百老匯,台灣臺北市大安區 信義路三段23之1號 2 樓,3 人,每小時 $200 起
IM國際百老匯,台灣臺北市大安區 安和路一段102巷9號 1 樓,3 人,每小時 $200 起
IM國際百老匯,台灣臺北市大安區 安和路一段102巷9號 1 樓,12 人,每小時 $400 起
美學空間「沃德商務中心」,台灣臺北市大安區 安和路一段102巷9號 1 樓,12 人,每小時 $630 起
千島生活文化有限公司,台灣臺北市大安區 安和路一段102巷9號 1 樓,20 人,每小時 $800 起
潤昇工作室,台灣臺北市大安區 安和路一段102巷9號 1 樓,50 人,每小時 $600 起
南村劇場．青鳥．有.設計,台灣臺北市大安區 安和路一段102巷9號 1 樓,120 人,每時段 $20000 起
千島生活文化有限公司,台灣臺北市大安區 安和路一段102巷9號 1 樓,8 人,每小時 $400 起
瑪丹林企業社,台灣臺北市大安區 安和路一段102巷9號 1 樓,30 人,每小時 $2500 起
達人咖啡,台灣臺北市大安區 安和路一段102巷9號 1 樓,18 人,每小時 $150 起
Drink in >,台灣臺北市大安區 安和路一段102巷9號 1 樓,40 人,每小時 $1500 起
影響力領袖聯合基地,台灣臺中市西屯區 市政北二路282號 20 樓之 3,30 人,每時段 $4800 起
中華消防協會,台灣臺中市西屯區 市政北二路282號 20 樓之 3,60 人,每小時 $1200 起
城理顧問股份有限公司,台灣臺中市西屯區 市政北二路282號 20 樓之 3,172 人,每時段 $30000 起
城理顧問股份有限公司,台灣臺中市西屯區 市政北二路282號 20 樓之 3,200 人,每時段 $9000 起
八爪魚創意娛樂行銷有限公司,台灣臺中市西屯區 市政北二路282號 20 樓之 3,20 人,每小時 $600 起
從前從前劇本館,台灣臺中市西屯區 市政北二路282號 20 樓之 3,8 人,每小時 $500 起
緯育股份有限公司附設中壢職訓中心,台灣臺中市西屯區 市政北二路282號 20 樓之 3,56 人,每小時 $1400 起
PiBo Space,台灣臺中市西屯區 市政北二路282號 20 樓之 3,14 人,每小時 $850 起
城理顧問股份有限公司,台灣臺中市西屯區 市政北二路282號 20 樓之 3,300 人,每時段 $7500 起
Create Cafe 創造咖啡店,台灣臺中市西屯區 市政北二路282號 20 樓之 3,40 人,每時段 $3000 起
盈泰物業管理顧問有限公司,台灣新北市板橋區 中正路176號 3 樓,10 人,每小時 $300 起
喜滿客影城【絕色店】,台灣新北市板橋區 中正路176號 3 樓,6 人,每小時 $1500 起
GO GYM 健身俱樂部,台灣新北市板橋區 中正路176號 3 樓,12 人,每小時 $1000 起
EnJoin' x JECHO,台灣新北市板橋區 中正路176號 3 樓,16 人,每小時 $1300 起
WEIBO商務共享空間,台灣新北市板橋區 中正路176號 3 樓,48 人,每小時 $800 起
Refine13_coffee,台灣新北市板橋區 中正路176號 3 樓,20 人,每小時 $2500 起
GO GYM 健身俱樂部,台灣新北市板橋區 中正路176號 3 樓,35 人,每小時 $2000 起
日日輕居系統傢居,台灣新北市板橋區 中正路176號 3 樓,10 人,每小時 $700 起
相癒心理諮商所,台灣新北市板橋區 中正路176號 3 樓,4 人,每小時 $350 起
相癒心理諮商所,台灣新北市板橋區 中正路176號 3 樓,6 人,每小時 $350 起
相癒心理諮商所,台灣臺中市北區 太原八街110號,10 人,每小時 $400 起
相癒心理諮商所,台灣臺中市北區 太原八街110號,30 人,每小時 $800 起
JustCo Taiwan,台灣臺中市北區 太原八街110號,4 人,每小時 $1365 起
信己有限公司,台灣臺中市北區 太原八街110號,40 人,每小時 $500 起
信己有限公司,台灣臺中市北區 太原八街110號,15 人,每小時 $300 起
信己有限公司,台灣臺中市北區 太原八街110號,40 人,每小時 $500 起
城理顧問股份有限公司,台灣臺中市北區 太原八街110號,190 人,每時段 $20000 起
城理顧問股份有限公司,台灣臺中市北區 太原八街110號,170 人,每時段 $20000 起
城理顧問股份有限公司,台灣臺中市北區 太原八街110號,25 人,每時段 $6000 起
誠品生活武昌店,台灣臺中市北區 太原八街110號,35 人,每時段 $40000 起
凱娜共享工作室,台灣新北市板橋區 中山路一段129號（樓下店面為出入口） 2 樓,15 人,每小時 $350 起
葉卷雪茄吧,台灣新北市板橋區 中山路一段129號（樓下店面為出入口） 2 樓,15 人,每時段 $2000 起
ThERE,台灣新北市板橋區 中山路一段129號（樓下店面為出入口） 2 樓,40 人,每時段 $3150 起
金鋒山商務中心站前館,台灣新北市板橋區 中山路一段129號（樓下店面為出入口） 2 樓,4 人,每小時 $200 起
樂客共享空間,台灣新北市板橋區 中山路一段129號（樓下店面為出入口） 2 樓,4 人,每小時 $200 起
樂客共享空間,台灣新北市板橋區 中山路一段129號（樓下店面為出入口） 2 樓,120 人,每小時 $2400 起
亞馬遜租借會館,台灣新北市板橋區 中山路一段129號（樓下店面為出入口） 2 樓,15 人,每小時 $700 起
亞馬遜租借會館,台灣新北市板橋區 中山路一段129號（樓下店面為出入口） 2 樓,60 人,每時段 $4800 起
亞馬遜租借會館,台灣新北市板橋區 中山路一段129號（樓下店面為出入口） 2 樓,30 人,每小時 $1050 起
iTinney聽儷科技股份有限公司,台灣新北市板橋區 中山路一段129號（樓下店面為出入口） 2 樓,8 人,每小時 $800 起
樂客共享空間,台灣臺中市南區 五權南路167號地下 1 樓之 6,120 人,每小時 $2400 起
亞馬遜租借會館,台灣臺中市南區 五權南路167號地下 1 樓之 6,15 人,每小時 $700 起
亞馬遜租借會館,台灣臺中市南區 五權南路167號地下 1 樓之 6,60 人,每時段 $4800 起
亞馬遜租借會館,台灣臺中市南區 五權南路167號地下 1 樓之 6,30 人,每小時 $1050 起
iTinney聽儷科技股份有限公司,台灣臺中市南區 五權南路167號地下 1 樓之 6,8 人,每小時 $800 起
大道咖啡 Avenue Cafe,台灣臺中市南區 五權南路167號地下 1 樓之 6,150 人,每小時 $1000 起
艾客發國際有限公司,台灣臺中市南區 五權南路167號地下 1 樓之 6,30 人,每時段 $2500 起
金鋒山商務中心站前館,台灣臺中市南區 五權南路167號地下 1 樓之 6,15 人,每小時 $480 起
金鋒山商務中心站前館,台灣臺中市南區 五權南路167號地下 1 樓之 6,1 人,每時段 $200 起
HOWSHOW共享空間,台灣臺中市南區 五權南路167號地下 1 樓之 6,8 人,每小時 $380 起
HOWSHOW共享空間,台灣桃園市中壢區 中央西路一段1號4樓 4 樓 小型面談 室,4 人,每小時 $180 起
HOWSHOW共享空間,台灣桃園市中壢區 中央西路一段1號4樓 4 樓 小型面談 室,1 人,每小時 $100 起
豐揚資產管理有限公司,台灣桃園市中壢區 中央西路一段1號4樓 4 樓 小型面談 室,20 人,每時段 $4000 起
喬陽出租空間,台灣桃園市中壢區 中央西路一段1號4樓 4 樓 小型面談 室,45 人,每小時 $1000 起
閣樓 AtticRoom,台灣桃園市中壢區 中央西路一段1號4樓 4 樓 小型面談 室,30 人,每小時 $400 起
善鈺實業有限公司,台灣桃園市中壢區 中央西路一段1號4樓 4 樓 小型面談 室,100 人,每時段 $3500 起
The M,台灣桃園市中壢區 中央西路一段1號4樓 4 樓 小型面談 室,10 人,每小時 $1000 起
TGH 攀登社,台灣桃園市中壢區 中央西路一段1號4樓 4 樓 小型面談 室,25 人,每小時 $400 起
臺南市立游泳池,台灣桃園市中壢區 中央西路一段1號4樓 4 樓 小型面談 室,15 人,每小時 $300 起
豪所在,台灣桃園市中壢區 中央西路一段1號4樓 4 樓 小型面談 室,50 人,每小時 $1200 起
篤行生活股份有限公司,台灣臺中市中區 篤行路13-19號 (2-4F) 2 樓,50 人,每小時 $1000 起
貓領事館,台灣臺中市中區 篤行路13-19號 (2-4F) 2 樓,26 人,每小時 $1000 起
貓領事館,台灣臺中市中區 篤行路13-19號 (2-4F) 2 樓,26 人,每小時 $500 起
環時好室,台灣臺中市中區 篤行路13-19號 (2-4F) 2 樓,30 人,每小時 $1700 起
菲比教室,台灣臺中市中區 篤行路13-19號 (2-4F) 2 樓,30 人,每小時 $700 起
火山口 Crater Lounge,台灣臺中市中區 篤行路13-19號 (2-4F) 2 樓,40 人,每小時 $1333 起
深思國際文化,台灣臺中市中區 篤行路13-19號 (2-4F) 2 樓,20 人,每小時 $450 起
深思國際文化,台灣臺中市中區 篤行路13-19號 (2-4F) 2 樓,20 人,每小時 $600 起
品空間,台灣臺中市中區 篤行路13-19號 (2-4F) 2 樓,35 人,每小時 $2000 起
sunple攝影棚空間出租,台灣臺中市中區 篤行路13-19號 (2-4F) 2 樓,6 人,每小時 $800 起
長春國際青年商會,台灣臺北市中山區 建國北路三段26號 4 樓,40 人,每小時 $450 起
艾加二影像行銷有限公司,台灣臺北市中山區 建國北路三段26號 4 樓,10 人,每小時 $500 起
微資有限公司,台灣臺北市中山區 建國北路三段26號 4 樓,20 人,每小時 $800 起
JR場地教室租借,台灣臺北市中山區 建國北路三段26號 4 樓,200 人,每時段 $5800 起
FASER Taipei,台灣臺北市中山區 建國北路三段26號 4 樓,100 人,每小時 $8000 起
旭晟國際商務中心,台灣臺北市中山區 建國北路三段26號 4 樓,12 人,每小時 $200 起
三元及第-台南班,台灣臺北市中山區 建國北路三段26號 4 樓,90 人,每小時 $800 起
心享世澄股份有限公司,台灣臺北市中山區 建國北路三段26號 4 樓,43 人,每小時 $650 起
上古國際藝術,台灣臺北市中山區 建國北路三段26號 4 樓,50 人,每小時 $3000 起
震大國際會議中心,台灣臺北市中山區 建國北路三段26號 4 樓,180 人,每小時 $7000 起
震大國際會議中心,台灣臺中市梧棲區 築港路100號 2 樓 201 室,58 人,每時段 $11200 起
震大國際會議中心,台灣臺中市梧棲區 築港路100號 2 樓 201 室,34 人,每時段 $7000 起
震大國際會議中心,台灣臺中市梧棲區 築港路100號 2 樓 201 室,36 人,每時段 $7000 起
震大國際會議中心,台灣臺中市梧棲區 築港路100號 2 樓 201 室,66 人,每時段 $17500 起
震大國際會議中心,台灣臺中市梧棲區 築港路100號 2 樓 201 室,120 人,每時段 $22400 起
震大國際會議中心,台灣臺中市梧棲區 築港路100號 2 樓 201 室,30 人,每時段 $7000 起
震大國際會議中心,台灣臺中市梧棲區 築港路100號 2 樓 201 室,30 人,每時段 $7000 起
Fish花藝教室,台灣臺中市梧棲區 築港路100號 2 樓 201 室,6 人,每小時 $350 起
合和拾間,台灣臺中市梧棲區 築港路100號 2 樓 201 室,10 人,每小時 $750 起
小船故事館,台灣臺中市梧棲區 築港路100號 2 樓 201 室,40 人,每小時 $2000 起
桃知道文創生活廣場,台灣桃園市桃園區 桃園市桃園區南平路303號 2 樓,800 人,每時段 $30000 起
筋輕鬆 筋膜放鬆按摩工作室,台灣桃園市桃園區 桃園市桃園區南平路303號 2 樓,7 人,每小時 $250 起
百樂大廈管理委員會,台灣桃園市桃園區 桃園市桃園區南平路303號 2 樓,10 人,每小時 $500 起
博思維商務空間,台灣桃園市桃園區 桃園市桃園區南平路303號 2 樓,30 人,每小時 $315 起
After Atelier,台灣桃園市桃園區 桃園市桃園區南平路303號 2 樓,15 人,每小時 $555 起
Olala Homes,台灣桃園市桃園區 桃園市桃園區南平路303號 2 樓,10 人,每小時 $1000 起
三元及第文教機構(嘉義區),台灣桃園市桃園區 桃園市桃園區南平路303號 2 樓,60 人,每時段 $1800 起
三元及第文教機構(嘉義區),台灣桃園市桃園區 桃園市桃園區南平路303號 2 樓,30 人,每時段 $1600 起
誠遠國際商務中心,台灣桃園市桃園區 桃園市桃園區南平路303號 2 樓,70 人,每小時 $10 起
富YES創新創業中心,台灣桃園市桃園區 桃園市桃園區南平路303號 2 樓,60 人,每時段 $5000 起
睦月設計,台灣臺北市大同區 延平北路三段61巷36號 1 樓,5 人,每小時 $1000 起
睦月設計,台灣臺北市大同區 延平北路三段61巷36號 1 樓,10 人,每小時 $1500 起
留白計畫股份有限公司,台灣臺北市大同區 延平北路三段61巷36號 1 樓,30 人,每小時 $3000 起
花甲1962-文化創業聚落,台灣臺北市大同區 延平北路三段61巷36號 1 樓,55 人,每時段 $4500 起
T恤手造館,台灣臺北市大同區 延平北路三段61巷36號 1 樓,100 人,每小時 $900 起
享玩桌遊－中壢中原店,台灣臺北市大同區 延平北路三段61巷36號 1 樓,50 人,每時段 $1500 起
樂舒康有限公司,台灣臺北市大同區 延平北路三段61巷36號 1 樓,8 人,每小時 $150 起
樂舒康有限公司,台灣臺北市大同區 延平北路三段61巷36號 1 樓,25 人,每小時 $500 起
玖蒔玖house99,台灣臺北市大同區 延平北路三段61巷36號 1 樓,40 人,每時段 $3500 起
磐石文創空間,台灣臺北市大同區 延平北路三段61巷36號 1 樓,40 人,每小時 $350 起
智璽會所,台灣臺中市烏日區 三榮南路1號 4 樓 8 室,50 人,每小時 $1600 起
愛說心理工作室,台灣臺中市烏日區 三榮南路1號 4 樓 8 室,30 人,每小時 $1500 起
【巷子裡的魚】,台灣臺中市烏日區 三榮南路1號 4 樓 8 室,20 人,每小時 $900 起
留白計畫股份有限公司,台灣臺中市烏日區 三榮南路1號 4 樓 8 室,60 人,每小時 $5000 起
砌光室,台灣臺中市烏日區 三榮南路1號 4 樓 8 室,15 人,每小時 $1200 起
D.LAB 商務空間,台灣臺中市烏日區 三榮南路1號 4 樓 8 室,40 人,每時段 $10000 起
留白計畫股份有限公司,台灣臺中市烏日區 三榮南路1號 4 樓 8 室,30 人,每小時 $3500 起
留白計畫股份有限公司,台灣臺中市烏日區 三榮南路1號 4 樓 8 室,60 人,每小時 $4000 起
留白計畫股份有限公司,台灣臺中市烏日區 三榮南路1號 4 樓 8 室,50 人,每小時 $4000 起
Stage咖啡維度聚所,台灣臺中市烏日區 三榮南路1號 4 樓 8 室,6 人,每小時 $250 起
昇恆昌內湖旗艦店,台灣臺北市內湖區 金莊路129號 5 樓,200 人,每小時 $5000 起
DreamMaker Hub 造夢基地共享空間-高雄凱旋館,台灣臺北市內湖區 金莊路129號 5 樓,40 人,每小時 $600 起
角落桌遊X人生交換所,台灣臺北市內湖區 金莊路129號 5 樓,5 人,每小時 $250 起
角落桌遊X人生交換所,台灣臺北市內湖區 金莊路129號 5 樓,8 人,每小時 $400 起
角落桌遊X人生交換所,台灣臺北市內湖區 金莊路129號 5 樓,6 人,每小時 $300 起
黑豆幫咖啡Bean Gang Cafe,台灣臺北市內湖區 金莊路129號 5 樓,35 人,每小時 $1000 起
合樂音樂文理教室,台灣臺北市內湖區 金莊路129號 5 樓,2 人,每小時 $100 起
魯克海斯有限公司,台灣臺北市內湖區 金莊路129號 5 樓,15 人,每小時 $800 起
台中三元及第教室管理組,台灣臺北市內湖區 金莊路129號 5 樓,65 人,每小時 $900 起
欣講堂,台灣臺北市內湖區 金莊路129號 5 樓,40 人,每小時 $5000 起
Stage咖啡維度聚所,台灣臺北市中山區 中山北路一段73號 2 樓,12 人,每時段 $2000 起
Stage咖啡維度聚所,台灣臺北市中山區 中山北路一段73號 2 樓,40 人,每時段 $5000 起
朗朗愛閱基地,台灣臺北市中山區 中山北路一段73號 2 樓,35 人,每小時 $1000 起
WE-club,台灣臺北市中山區 中山北路一段73號 2 樓,20 人,每小時 $300 起
Sunny Side,台灣臺北市中山區 中山北路一段73號 2 樓,80 人,每小時 $1000 起
老窖室空間出租管理平台,台灣臺北市中山區 中山北路一段73號 2 樓,80 人,每時段 $4000 起
豐溢創富學苑,台灣臺北市中山區 中山北路一段73號 2 樓,30 人,每時段 $1000 起
玉成隔壁,台灣臺北市中山區 中山北路一段73號 2 樓,150 人,每小時 $3600 起
Olala Homes,台灣臺北市中山區 中山北路一段73號 2 樓,10 人,每時段 $7500 起
Olala Homes,台灣臺北市中山區 中山北路一段73號 2 樓,10 人,每時段 $7500 起
Olala Homes,台灣新北市板橋區 館前西路213巷7號 4 樓 1 室,10 人,每時段 $7500 起
三元及第文教機構,台灣新北市板橋區 館前西路213巷7號 4 樓 1 室,100 人,每小時 $1000 起
BigBoyRoom,台灣新北市板橋區 館前西路213巷7號 4 樓 1 室,20 人,每小時 $2000 起
主婦聯盟環境保護基金會台中分事務所,台灣新北市板橋區 館前西路213巷7號 4 樓 1 室,40 人,每小時 $1725 起
UNO ONCE,台灣新北市板橋區 館前西路213巷7號 4 樓 1 室,10 人,每小時 $900 起
鼎合創意國際有限公司,台灣新北市板橋區 館前西路213巷7號 4 樓 1 室,20 人,每時段 $4500 起
UNO ONCE,台灣新北市板橋區 館前西路213巷7號 4 樓 1 室,10 人,每小時 $1500 起
迷錄影像製作LoStudio,台灣新北市板橋區 館前西路213巷7號 4 樓 1 室,6 人,每小時 $200 起
迷錄影像製作LoStudio,台灣新北市板橋區 館前西路213巷7號 4 樓 1 室,8 人,每小時 $250 起
三元及第文教機構,台灣新北市板橋區 館前西路213巷7號 4 樓 1 室,150 人,每小時 $1200 起
好映故事廣告創意有限公司,台灣臺北市信義區 松德路36號 11 樓,30 人,每小時 $800 起
嘉俬房 ＆ other Art things,台灣臺北市信義區 松德路36號 11 樓,50 人,每時段 $900 起
美麗島站11號出口10秒鐘,台灣臺北市信義區 松德路36號 11 樓,60 人,每時段 $3000 起
千島生活文化有限公司,台灣臺北市信義區 松德路36號 11 樓,10 人,每小時 $500 起
Coffee Shock 飛行咖啡吧,台灣臺北市信義區 松德路36號 11 樓,15 人,每時段 $2000 起
7ann8 舞蹈教室,台灣臺北市信義區 松德路36號 11 樓,22 人,每小時 $700 起
月立方整合行銷有限公司,台灣臺北市信義區 松德路36號 11 樓,10 人,每小時 $1000 起
雙子星鉅石陣,台灣臺北市信義區 松德路36號 11 樓,50 人,每時段 $1200 起
墨匠所共創空間,台灣臺北市信義區 松德路36號 11 樓,20 人,每時段 $3000 起
微光空間,台灣臺北市信義區 松德路36號 11 樓,20 人,每小時 $350 起
康晟開發建設,台灣桃園市中壢區 內定里內定七街，十八街交界 1 樓,15 人,每小時 $400 起
府都建設One+_All for kids,台灣桃園市中壢區 內定里內定七街，十八街交界 1 樓,160 人,每小時 $3000 起
凱恩國際聯合商務中心有限公司,台灣桃園市中壢區 內定里內定七街，十八街交界 1 樓,8 人,每小時 $600 起
狄克與我,台灣桃園市中壢區 內定里內定七街，十八街交界 1 樓,15 人,每小時 $3000 起
粉絲奇蹟共享空間,台灣桃園市中壢區 內定里內定七街，十八街交界 1 樓,50 人,每時段 $1500 起
社團法人中華心起點協會,台灣桃園市中壢區 內定里內定七街，十八街交界 1 樓,30 人,每小時 $450 起
夢想空間-台南商務中心,台灣桃園市中壢區 內定里內定七街，十八街交界 1 樓,52 人,每時段 $3900 起
夢想空間-台南商務中心,台灣桃園市中壢區 內定里內定七街，十八街交界 1 樓,51 人,每時段 $3120 起
夢想空間-台南商務中心,台灣桃園市中壢區 內定里內定七街，十八街交界 1 樓,33 人,每時段 $2600 起
夢想空間-台南商務中心,台灣桃園市中壢區 內定里內定七街，十八街交界 1 樓,28 人,每時段 $2340 起
夢想空間-台南商務中心,台灣臺南市中西區 中正路240號 6 樓,33 人,每時段 $2080 起
月立方整合行銷有限公司,台灣臺南市中西區 中正路240號 6 樓,5 人,每小時 $800 起
月立方整合行銷有限公司,台灣臺南市中西區 中正路240號 6 樓,20 人,每小時 $1500 起
高雄場地出租-神蹟奇室複合式商務空間,台灣臺南市中西區 中正路240號 6 樓,15 人,每小時 $800 起
將將好。共享空間,台灣臺南市中西區 中正路240號 6 樓,70 人,每小時 $1600 起
將將好。共享空間,台灣臺南市中西區 中正路240號 6 樓,40 人,每小時 $1500 起
將將好。共享空間,台灣臺南市中西區 中正路240號 6 樓,10 人,每小時 $800 起
Bouti Space,台灣臺南市中西區 中正路240號 6 樓,20 人,每小時 $1500 起
Bouti Space,台灣臺南市中西區 中正路240號 6 樓,2 人,每小時 $200 起
Bouti Space,台灣臺南市中西區 中正路240號 6 樓,4 人,每小時 $400 起
Bouti Space,台灣臺北市中正區 重慶南路一段7號,6 人,每小時 $600 起
MicMind Studio,台灣臺北市中正區 重慶南路一段7號,4 人,每小時 $500 起
MicMind Studio,台灣臺北市中正區 重慶南路一段7號,3 人,每小時 $600 起
MicMind Studio,台灣臺北市中正區 重慶南路一段7號,3 人,每小時 $600 起
MicMind Studio,台灣臺北市中正區 重慶南路一段7號,4 人,每小時 $700 起
MicMind Studio,台灣臺北市中正區 重慶南路一段7號,5 人,每小時 $800 起
MicMind Studio,台灣臺北市中正區 重慶南路一段7號,8 人,每小時 $900 起
水澐靝茶舖xMUMU,台灣臺北市中正區 重慶南路一段7號,12 人,每小時 $800 起
板橋民權202共享空間 | 時租 | 會議室,台灣臺北市中正區 重慶南路一段7號,26 人,每小時 $1050 起
水澐靝茶舖xMUMU,台灣臺北市中正區 重慶南路一段7號,16 人,每小時 $1000 起
萊客廚房,台灣高雄市鳳山區 五甲二路242號(八方雲集旁) 1 樓,30 人,每時段 $2400 起
臺中市影視發展基金會,台灣高雄市鳳山區 五甲二路242號(八方雲集旁) 1 樓,30 人,每時段 $2500 起
臺中市影視發展基金會,台灣高雄市鳳山區 五甲二路242號(八方雲集旁) 1 樓,36 人,每時段 $5500 起
費拉拉咖啡,台灣高雄市鳳山區 五甲二路242號(八方雲集旁) 1 樓,15 人,每小時 $500 起
誠遠國際商務中心,台灣高雄市鳳山區 五甲二路242號(八方雲集旁) 1 樓,15 人,每時段 $2000 起
管理部,台灣高雄市鳳山區 五甲二路242號(八方雲集旁) 1 樓,100 人,每小時 $4000 起
皇家ntc商務中心,台灣高雄市鳳山區 五甲二路242號(八方雲集旁) 1 樓,15 人,每小時 $500 起
欣宇音療中心,台灣高雄市鳳山區 五甲二路242號(八方雲集旁) 1 樓,40 人,每小時 $1260 起
頭嵙859 景觀餐廳,台灣高雄市鳳山區 五甲二路242號(八方雲集旁) 1 樓,20 人,每時段 $4500 起
中華全球人才職能培育發展協會,台灣高雄市鳳山區 五甲二路242號(八方雲集旁) 1 樓,30 人,每時段 $1500 起
皇家ntc商務中心,台灣臺中市西屯區 朝馬七街1號 3 樓,15 人,每小時 $700 起
皇家ntc商務中心,台灣臺中市西屯區 朝馬七街1號 3 樓,15 人,每小時 $900 起
皇家ntc商務中心,台灣臺中市西屯區 朝馬七街1號 3 樓,6 人,每小時 $300 起
騰久國際有限公司,台灣臺中市西屯區 朝馬七街1號 3 樓,30 人,每小時 $150 起
好的運動 NiceSports 帕菲克運動基地,台灣臺中市西屯區 朝馬七街1號 3 樓,400 人,每小時 $10000 起
亞地巿場研究顧問,台灣臺中市西屯區 朝馬七街1號 3 樓,14 人,每小時 $1100 起
Queen7 舞蹈工作室,台灣臺中市西屯區 朝馬七街1號 3 樓,15 人,每小時 $500 起
Mossy Lab,台灣臺中市西屯區 朝馬七街1號 3 樓,20 人,每小時 $800 起
箏工坊KOTOMUSIC,台灣臺中市西屯區 朝馬七街1號 3 樓,10 人,每小時 $200 起
上古國際藝術,台灣臺中市西屯區 朝馬七街1號 3 樓,50 人,每小時 $2000 起
秘書店 Meet store,台灣嘉義市東區 中山路201號 3 樓,8 人,每小時 $1495 起
秘書店 Meet store,台灣嘉義市東區 中山路201號 3 樓,10 人,每小時 $1725 起
秘書店 Meet store,台灣嘉義市東區 中山路201號 3 樓,25 人,每小時 $2875 起
秘書店 Meet store,台灣嘉義市東區 中山路201號 3 樓,80 人,每時段 $7800 起
秘書店 Meet store,台灣嘉義市東區 中山路201號 3 樓,4 人,每小時 $390 起
拿鐵健身工作室,台灣嘉義市東區 中山路201號 3 樓,10 人,每小時 $2000 起
快點行銷有限公司,台灣嘉義市東區 中山路201號 3 樓,10 人,每小時 $700 起
莎樂坊早午餐,台灣嘉義市東區 中山路201號 3 樓,20 人,每小時 $600 起
快點行銷有限公司,台灣嘉義市東區 中山路201號 3 樓,6 人,每小時 $450 起
快點行銷有限公司,台灣嘉義市東區 中山路201號 3 樓,6 人,每小時 $450 起
Kris-Studio場地出租,台灣臺北市內湖區 新明路295巷一號 1 樓之 1,20 人,每小時 $2500 起
KAO CUP COFFEE,台灣臺北市內湖區 新明路295巷一號 1 樓之 1,30 人,每小時 $1000 起
嘉夢創意數位有限公司,台灣臺北市內湖區 新明路295巷一號 1 樓之 1,8 人,每時段 $900 起
高大宜音樂教育中心 建國店,台灣臺北市內湖區 新明路295巷一號 1 樓之 1,25 人,每小時 $250 起
CLUB零,台灣臺北市內湖區 新明路295巷一號 1 樓之 1,55 人,每小時 $12500 起
挑食pickfood早午餐,台灣臺北市內湖區 新明路295巷一號 1 樓之 1,8 人,每小時 $450 起
朝馬場地出租-全新裝修,台灣臺北市內湖區 新明路295巷一號 1 樓之 1,20 人,每小時 $300 起
禾弦行銷,台灣臺北市內湖區 新明路295巷一號 1 樓之 1,6 人,每小時 $250 起
成果行銷有限公司,台灣臺北市內湖區 新明路295巷一號 1 樓之 1,60 人,每時段 $7875 起
成果行銷有限公司,台灣臺北市內湖區 新明路295巷一號 1 樓之 1,60 人,每時段 $7875 起
乖獸廚房派對,台灣臺南市中西區 湖美二街62巷5號,20 人,每小時 $1500 起
路易莎桂林店,台灣臺南市中西區 湖美二街62巷5號,50 人,每小時 $3000 起
瑞彼兔空享空間,台灣臺南市中西區 湖美二街62巷5號,11 人,每小時 $300 起
思博客商務中心,台灣臺南市中西區 湖美二街62巷5號,14 人,每小時 $450 起
愛恩街舞學院,台灣臺南市中西區 湖美二街62巷5號,15 人,每小時 $610 起
台南茶酒公司ＴＴＢＣ,台灣臺南市中西區 湖美二街62巷5號,10 人,每時段 $1500 起
木作森活,台灣臺南市中西區 湖美二街62巷5號,20 人,每小時 $1300 起
飛達集團,台灣臺南市中西區 湖美二街62巷5號,64 人,每小時 $2800 起
快意管理顧問股份有限公司,台灣臺南市中西區 湖美二街62巷5號,100 人,每時段 $800 起
大樹下音樂工作坊,台灣臺南市中西區 湖美二街62巷5號,30 人,每時段 $2600 起
大樹下音樂工作坊,台灣臺中市南屯區 南屯路二段290號 4 樓,30 人,每時段 $2600 起
Mini_space,台灣臺中市南屯區 南屯路二段290號 4 樓,20 人,每小時 $300 起
喆寓房屋管理,台灣臺中市南屯區 南屯路二段290號 4 樓,10 人,每時段 $500 起
馜享空間,台灣臺中市南屯區 南屯路二段290號 4 樓,15 人,每小時 $600 起
美術館共享空間,台灣臺中市南屯區 南屯路二段290號 4 樓,20 人,每時段 $2000 起
慕光生活,台灣臺中市南屯區 南屯路二段290號 4 樓,33 人,每小時 $1000 起
HAO.SPACE,台灣臺中市南屯區 南屯路二段290號 4 樓,35 人,每小時 $2500 起
戶戶工作室,台灣臺中市南屯區 南屯路二段290號 4 樓,25 人,每小時 $330 起
馬賽克音樂故事屋,台灣臺中市南屯區 南屯路二段290號 4 樓,80 人,每小時 $1000 起
日富空間,台灣臺中市南屯區 南屯路二段290號 4 樓,5 人,每小時 $320 起
日富空間,台灣臺北市中正區 漢口街一段3號 7 樓,4 人,每小時 $200 起
日富空間,台灣臺北市中正區 漢口街一段3號 7 樓,12 人,每小時 $360 起
臺北記憶倉庫,台灣臺北市中正區 漢口街一段3號 7 樓,50 人,每時段 $8400 起
日富空間,台灣臺北市中正區 漢口街一段3號 7 樓,6 人,每小時 $225 起
日富空間,台灣臺北市中正區 漢口街一段3號 7 樓,12 人,每小時 $400 起
日富空間,台灣臺北市中正區 漢口街一段3號 7 樓,2 人,每小時 $120 起
FRIDA CHEN 時髦製造所,台灣臺北市中正區 漢口街一段3號 7 樓,20 人,每小時 $1200 起
雁域文化中心,台灣臺北市中正區 漢口街一段3號 7 樓,30 人,每小時 $550 起
蕭譯權,台灣臺北市中正區 漢口街一段3號 7 樓,6 人,每小時 $324 起
藝術報國基地 Ars Association Base,台灣臺北市中正區 漢口街一段3號 7 樓,25 人,每小時 $500 起
蕭譯權,台灣臺中市大里區 塗城路511號 2 樓 深療空間 室,6 人,每小時 $315 起
蕭譯權,台灣臺中市大里區 塗城路511號 2 樓 深療空間 室,6 人,每小時 $270 起
UArea,台灣臺中市大里區 塗城路511號 2 樓 深療空間 室,30 人,每小時 $850 起
魔方小天地,台灣臺中市大里區 塗城路511號 2 樓 深療空間 室,30 人,每小時 $300 起
朗朗愛閱基地,台灣臺中市大里區 塗城路511號 2 樓 深療空間 室,20 人,每小時 $800 起
信仰體育,台灣臺中市大里區 塗城路511號 2 樓 深療空間 室,140 人,每小時 $3000 起
凝聚力音樂娛樂,台灣臺中市大里區 塗城路511號 2 樓 深療空間 室,150 人,每時段 $23300 起
凝聚力音樂娛樂,台灣臺中市大里區 塗城路511號 2 樓 深療空間 室,80 人,每時段 $9500 起
凝聚力音樂娛樂,台灣臺中市大里區 塗城路511號 2 樓 深療空間 室,10 人,每小時 $300 起
文羅創藝社,台灣臺中市大里區 塗城路511號 2 樓 深療空間 室,15 人,每小時 $350 起
無礦-野茶‧僻靜之所,台灣新北市三峽區 圳頭119 之 1,40 人,每小時 $4000 起
無礦-野茶‧僻靜之所,台灣新北市三峽區 圳頭119 之 1,50 人,每小時 $4500 起
無礦-野茶‧僻靜之所,台灣新北市三峽區 圳頭119 之 1,50 人,每小時 $5500 起
無礦-野茶‧僻靜之所,台灣新北市三峽區 圳頭119 之 1,60 人,每小時 $4500 起
無礦-野茶‧僻靜之所,台灣新北市三峽區 圳頭119 之 1,100 人,每小時 $7000 起
無礦-野茶‧僻靜之所,台灣新北市三峽區 圳頭119 之 1,150 人,每小時 $11200 起
小型會議室出租,台灣新北市三峽區 圳頭119 之 1,30 人,每時段 $3000 起
榮耀基金會,台灣新北市三峽區 圳頭119 之 1,45 人,每時段 $10000 起
富爾捷企業有限公司,台灣新北市三峽區 圳頭119 之 1,150 人,每時段 $5000 起
臺北表演藝術中心場地業務組,台灣新北市三峽區 圳頭119 之 1,100 人,每時段 $10000 起
臺北表演藝術中心場地業務組,台灣臺北市士林區 劍潭路1號 11 樓,100 人,每時段 $16000 起
台灣櫞詢股份有限公司,台灣臺北市士林區 劍潭路1號 11 樓,16 人,每小時 $1000 起
Art2咖啡館租借空間,台灣臺北市士林區 劍潭路1號 11 樓,30 人,每小時 $1500 起
台北鬧中取靜之溫馨小棧,台灣臺北市士林區 劍潭路1號 11 樓,8 人,每小時 $400 起
駿斯運動事業股份有限公司,台灣臺北市士林區 劍潭路1號 11 樓,25 人,每時段 $2000 起
環亞國際商務中心,台灣臺北市士林區 劍潭路1號 11 樓,8 人,每小時 $1200 起
環亞國際商務中心,台灣臺北市士林區 劍潭路1號 11 樓,9 人,每小時 $1200 起
環亞國際商務中心,台灣臺北市士林區 劍潭路1號 11 樓,5 人,每小時 $500 起
環亞國際商務中心,台灣臺北市士林區 劍潭路1號 11 樓,40 人,每小時 $4000 起
環亞國際商務中心,台灣臺北市士林區 劍潭路1號 11 樓,8 人,每小時 $1800 起
MUCHA穆夏空間租借,台灣臺南市安平區 光州二街142號 2 樓,50 人,每小時 $500 起
頭城烏石港姆卡室內草皮空間,台灣臺南市安平區 光州二街142號 2 樓,15 人,每小時 $1300 起
不小心創作社,台灣臺南市安平區 光州二街142號 2 樓,20 人,每小時 $450 起
食樂好事PLUS,台灣臺南市安平區 光州二街142號 2 樓,120 人,每小時 $1400 起
MRT文創 古亭6號空間,台灣臺南市安平區 光州二街142號 2 樓,16 人,每小時 $450 起
MRT文創 古亭6號空間,台灣臺南市安平區 光州二街142號 2 樓,19 人,每小時 $450 起
澔享會議中心,台灣臺南市安平區 光州二街142號 2 樓,50 人,每時段 $6500 起
JAM18共享空間,台灣臺南市安平區 光州二街142號 2 樓,12 人,每小時 $600 起
JAM18共享空間,台灣臺南市安平區 光州二街142號 2 樓,3 人,每小時 $800 起
木蘭回家文創藝術沙龍,台灣臺南市安平區 光州二街142號 2 樓,30 人,每時段 $5000 起
黑熊學院教室租借處,台灣臺北市中正區 武昌街一段18號 3 樓,60 人,每小時 $2000 起
延平路二段324號,台灣臺北市中正區 武昌街一段18號 3 樓,40 人,每小時 $500 起
築夢工場生態農場,台灣臺北市中正區 武昌街一段18號 3 樓,200 人,每小時 $4000 起
信二家廚 Shinji Living,台灣臺北市中正區 武昌街一段18號 3 樓,30 人,每小時 $1000 起
捌月商務中心,台灣臺北市中正區 武昌街一段18號 3 樓,8 人,每小時 $1000 起
盈泰物業管理顧問有限公司,台灣臺北市中正區 武昌街一段18號 3 樓,30 人,每小時 $400 起
宅zài風格生活,台灣臺北市中正區 武昌街一段18號 3 樓,25 人,每小時 $1000 起
&PaRK,台灣臺北市中正區 武昌街一段18號 3 樓,40 人,每小時 $700 起
HER SPACE空間出租,台灣臺北市中正區 武昌街一段18號 3 樓,20 人,每時段 $3200 起
浩室物業有限公司,台灣臺北市中正區 武昌街一段18號 3 樓,8 人,每時段 $2000 起
J WOW Cafe/Bistro 酒窩餐酒館,台灣臺北市大安區 安和路二段213號1F,60 人,每時段 $40000 起
擊客基地GeekBase,台灣臺北市大安區 安和路二段213號1F,20 人,每小時 $500 起
擊客基地GeekBase,台灣臺北市大安區 安和路二段213號1F,30 人,每小時 $500 起
擊客基地GeekBase,台灣臺北市大安區 安和路二段213號1F,50 人,每小時 $3500 起
擊客基地GeekBase,台灣臺北市大安區 安和路二段213號1F,80 人,每小時 $2000 起
Hour Jungle東寧館,台灣臺北市大安區 安和路二段213號1F,15 人,每小時 $450 起
Hour Jungle東寧館,台灣臺北市大安區 安和路二段213號1F,30 人,每小時 $600 起
老宅方生活實驗室,台灣臺北市大安區 安和路二段213號1F,10 人,每小時 $250 起
心晨餐飲股份有限公司,台灣臺北市大安區 安和路二段213號1F,40 人,每小時 $1000 起
乘興院 Whims Taiwan,台灣臺北市大安區 安和路二段213號1F,80 人,每時段 $18000 起
昕群音樂展演教學中心,台灣彰化縣彰化市 埔西街28號2F,2 人,每小時 $235 起
道騰國際商務中心#時租/日租/會議空間/新潮辦公,台灣彰化縣彰化市 埔西街28號2F,48 人,每小時 $900 起
道騰國際商務中心#時租/日租/會議空間/新潮辦公,台灣彰化縣彰化市 埔西街28號2F,28 人,每小時 $700 起
道騰國際商務中心#時租/日租/會議空間/新潮辦公,台灣彰化縣彰化市 埔西街28號2F,30 人,每小時 $800 起
SV科學歌唱｜SV音樂學院,台灣彰化縣彰化市 埔西街28號2F,20 人,每小時 $400 起
SV科學歌唱｜SV音樂學院,台灣彰化縣彰化市 埔西街28號2F,20 人,每小時 $600 起
營運部,台灣彰化縣彰化市 埔西街28號2F,16 人,每小時 $1200 起
ALIEN LOUNGE,台灣彰化縣彰化市 埔西街28號2F,60 人,每小時 $4500 起
孟德爾頌音樂藝術,台灣彰化縣彰化市 埔西街28號2F,80 人,每小時 $1333 起
WORKINBAR 基隆創業商務空間,台灣彰化縣彰化市 埔西街28號2F,40 人,每時段 $2000 起
南村劇場．青鳥．有.設計,台灣臺北市大安區 建國南路一段177號 ( 臺灣當代文化實驗場 C-LAB - 中正堂 ),350 人,每時段 $100000 起
哈斯葵洋酒,台灣臺北市大安區 建國南路一段177號 ( 臺灣當代文化實驗場 C-LAB - 中正堂 ),30 人,每小時 $1100 起
歐珀拉有限公司,台灣臺北市大安區 建國南路一段177號 ( 臺灣當代文化實驗場 C-LAB - 中正堂 ),300 人,每時段 $20000 起
多扶學堂,台灣臺北市大安區 建國南路一段177號 ( 臺灣當代文化實驗場 C-LAB - 中正堂 ),40 人,每時段 $5000 起
愚樂軒,台灣臺北市大安區 建國南路一段177號 ( 臺灣當代文化實驗場 C-LAB - 中正堂 ),20 人,每小時 $300 起
後台Backstage,台灣臺北市大安區 建國南路一段177號 ( 臺灣當代文化實驗場 C-LAB - 中正堂 ),180 人,每小時 $5000 起
AI商務中心,台灣臺北市大安區 建國南路一段177號 ( 臺灣當代文化實驗場 C-LAB - 中正堂 ),25 人,每小時 $1400 起
紙飛機長照科技股份有限公司,台灣臺北市大安區 建國南路一段177號 ( 臺灣當代文化實驗場 C-LAB - 中正堂 ),61 人,每時段 $3500 起
風尚生活stylish Golf Art Wine Club,台灣臺北市大安區 建國南路一段177號 ( 臺灣當代文化實驗場 C-LAB - 中正堂 ),25 人,每小時 $1500 起
ALIEN LOUNGE,台灣臺北市大安區 建國南路一段177號 ( 臺灣當代文化實驗場 C-LAB - 中正堂 ),40 人,每小時 $3000 起
自信星舞蹈工作室,台灣桃園市龜山區 文學路240號 1 樓,20 人,每小時 $400 起
邸TaiDang創生基地,台灣桃園市龜山區 文學路240號 1 樓,12 人,每小時 $1000 起
雲康國際學苑,台灣桃園市龜山區 文學路240號 1 樓,20 人,每小時 $900 起
雲康國際學苑,台灣桃園市龜山區 文學路240號 1 樓,16 人,每小時 $800 起
DEC Taipei 早上出租空間,台灣桃園市龜山區 文學路240號 1 樓,45 人,每小時 $2000 起
玩樂倉庫複合式桌球館,台灣桃園市龜山區 文學路240號 1 樓,30 人,每小時 $300 起
蕭希如,台灣桃園市龜山區 文學路240號 1 樓,15 人,每小時 $900 起
舊監更生島,台灣桃園市龜山區 文學路240號 1 樓,24 人,每小時 $1700 起
皇家NTC商務中心,台灣桃園市龜山區 文學路240號 1 樓,6 人,每小時 $750 起
基泰國際會議中心,台灣桃園市龜山區 文學路240號 1 樓,16 人,每小時 $2200 起
Lukumades,台灣臺北市信義區 信義區忠孝東路四段553巷20號 1 樓,20 人,每小時 $1000 起
動感光波股份有限公司,台灣臺北市信義區 信義區忠孝東路四段553巷20號 1 樓,50 人,每小時 $1625 起
卡卡城永和店,台灣臺北市信義區 信義區忠孝東路四段553巷20號 1 樓,70 人,每小時 $60 起
艾萊家有限公司,台灣臺北市信義區 信義區忠孝東路四段553巷20號 1 樓,80 人,每小時 $2000 起
曲羨空間,台灣臺北市信義區 信義區忠孝東路四段553巷20號 1 樓,20 人,每小時 $600 起
青銅視覺藝術,台灣臺北市信義區 信義區忠孝東路四段553巷20號 1 樓,40 人,每小時 $800 起
駱駝英文顧問工作室,台灣臺北市信義區 信義區忠孝東路四段553巷20號 1 樓,16 人,每小時 $800 起
Monospace 共同工作空間,台灣臺北市信義區 信義區忠孝東路四段553巷20號 1 樓,8 人,每小時 $550 起
美閣共享空間,台灣臺北市信義區 信義區忠孝東路四段553巷20號 1 樓,15 人,每時段 $1200 起
三道門建築文創旅店,台灣臺北市信義區 信義區忠孝東路四段553巷20號 1 樓,36 人,每小時 $1400 起
溫室派對,台灣臺北市中正區 廈門街123巷2號 1 樓,30 人,每小時 $1300 起
Sunday Morning,台灣臺北市中正區 廈門街123巷2號 1 樓,50 人,每小時 $1500 起
四藝有限公司,台灣臺北市中正區 廈門街123巷2號 1 樓,30 人,每小時 $700 起
Aec愛齒特美學教育學院,台灣臺北市中正區 廈門街123巷2號 1 樓,35 人,每時段 $4000 起
FlexSpace,台灣臺北市中正區 廈門街123巷2號 1 樓,20 人,每小時 $1000 起
當你盛開時藝術空間 Blooming Art Space,台灣臺北市中正區 廈門街123巷2號 1 樓,16 人,每小時 $400 起
當你盛開時藝術空間 Blooming Art Space,台灣臺北市中正區 廈門街123巷2號 1 樓,3 人,每小時 $200 起
FlexSpace,台灣臺北市中正區 廈門街123巷2號 1 樓,12 人,每小時 $500 起
FlexSpace,台灣臺北市中正區 廈門街123巷2號 1 樓,3 人,每小時 $500 起
潼樂空間商行,台灣臺北市中正區 廈門街123巷2號 1 樓,20 人,每小時 $700 起
露比夫人吃做買,台灣嘉義市西區 遠東街50號 2 樓,60 人,每小時 $1800 起
露比夫人吃做買,台灣嘉義市西區 遠東街50號 2 樓,30 人,每小時 $1500 起
露比夫人吃做買,台灣嘉義市西區 遠東街50號 2 樓,30 人,每小時 $900 起
雅雅運動彩券行,台灣嘉義市西區 遠東街50號 2 樓,6 人,每小時 $300 起
theMEDIAN,台灣嘉義市西區 遠東街50號 2 樓,80 人,每小時 $2500 起
法文邂逅,台灣嘉義市西區 遠東街50號 2 樓,14 人,每小時 $800 起
空白場域 [ Blank Space ],台灣嘉義市西區 遠東街50號 2 樓,50 人,每小時 $900 起
JUR space 共享空間,台灣嘉義市西區 遠東街50號 2 樓,30 人,每小時 $1200 起
芯流生活股份有限公司,台灣嘉義市西區 遠東街50號 2 樓,15 人,每小時 $400 起
遠見領袖中心,台灣嘉義市西區 遠東街50號 2 樓,60 人,每時段 $6900 起
真璞藝術有限公司,台灣高雄市前鎮區 一心二路33號 12 樓,100 人,每小時 $450 起
回然慢時旅居,台灣高雄市前鎮區 一心二路33號 12 樓,30 人,每小時 $500 起
T恤手造館,台灣高雄市前鎮區 一心二路33號 12 樓,42 人,每小時 $600 起
際域身心靈共享空間,台灣高雄市前鎮區 一心二路33號 12 樓,12 人,每小時 $400 起
際域身心靈共享空間,台灣高雄市前鎮區 一心二路33號 12 樓,6 人,每小時 $300 起
際域身心靈共享空間,台灣高雄市前鎮區 一心二路33號 12 樓,5 人,每小時 $200 起
際域身心靈共享空間,台灣高雄市前鎮區 一心二路33號 12 樓,12 人,每小時 $400 起
T恤手造館,台灣高雄市前鎮區 一心二路33號 12 樓,32 人,每小時 $700 起
浸劇場,台灣高雄市前鎮區 一心二路33號 12 樓,50 人,每小時 $1000 起
浸劇場,台灣高雄市前鎮區 一心二路33號 12 樓,25 人,每小時 $650 起
浸劇場,台灣高雄市鼓山區 慶豐街18號 2 樓,15 人,每小時 $400 起
禾曼咖啡餐廳,台灣高雄市鼓山區 慶豐街18號 2 樓,80 人,每時段 $800 起
浸劇場,台灣高雄市鼓山區 慶豐街18號 2 樓,10 人,每小時 $350 起
24open photostudio攝影棚場地出租,台灣高雄市鼓山區 慶豐街18號 2 樓,30 人,每小時 $1500 起
遠見領袖中心,台灣高雄市鼓山區 慶豐街18號 2 樓,120 人,每時段 $15800 起
愛裡‧時氣味藝術場地租借,台灣高雄市鼓山區 慶豐街18號 2 樓,30 人,每時段 $3000 起
愛裡‧時氣味藝術場地租借,台灣高雄市鼓山區 慶豐街18號 2 樓,40 人,每時段 $3000 起
VIVI DANCE舞蹈空間,台灣高雄市鼓山區 慶豐街18號 2 樓,30 人,每小時 $700 起
都有時,台灣高雄市鼓山區 慶豐街18號 2 樓,20 人,每小時 $2000 起
兩半茶,台灣高雄市鼓山區 慶豐街18號 2 樓,40 人,每小時 $600 起
Design For Taiwan / 飛捷文教基金會,台灣臺北市中山區 松江路63巷7-1號 1 樓,80 人,每小時 $1250 起
臺北創新實驗室,台灣臺北市中山區 松江路63巷7-1號 1 樓,200 人,每時段 $12000 起
枋子林甜點語言,台灣臺北市中山區 松江路63巷7-1號 1 樓,13 人,每小時 $800 起
原在工作室,台灣臺北市中山區 松江路63巷7-1號 1 樓,80 人,每小時 $700 起
湧金啤酒,台灣臺北市中山區 松江路63巷7-1號 1 樓,20 人,每小時 $600 起
河岸蘭亭,台灣臺北市中山區 松江路63巷7-1號 1 樓,20 人,每小時 $1800 起
沐晨相寓,台灣臺北市中山區 松江路63巷7-1號 1 樓,30 人,每小時 $1000 起
新創無界,台灣臺北市中山區 松江路63巷7-1號 1 樓,30 人,每小時 $1750 起
影想力 影音創作共享工作室,台灣臺北市中山區 松江路63巷7-1號 1 樓,4 人,每小時 $400 起
影想力 影音創作共享工作室,台灣臺北市中山區 松江路63巷7-1號 1 樓,2 人,每小時 $300 起
香傳,台灣高雄市左營區 文慈路118號 2 樓,25 人,每小時 $500 起
島瑜珈工作室,台灣高雄市左營區 文慈路118號 2 樓,15 人,每小時 $500 起
空白場域 [ Blank Space ],台灣高雄市左營區 文慈路118號 2 樓,10 人,每小時 $400 起
影想力 影音創作共享工作室,台灣高雄市左營區 文慈路118號 2 樓,10 人,每小時 $500 起
優生教育股份有限公司,台灣高雄市左營區 文慈路118號 2 樓,25 人,每小時 $450 起
頤珍宮膳,台灣高雄市左營區 文慈路118號 2 樓,30 人,每小時 $1666 起
和處BNB,台灣高雄市左營區 文慈路118號 2 樓,25 人,每小時 $800 起
sunnymoondeco,台灣高雄市左營區 文慈路118號 2 樓,20 人,每小時 $650 起
禾三千 庭園景觀 藝文空間,台灣高雄市左營區 文慈路118號 2 樓,40 人,每小時 $1000 起
慕溪園 Mercy Café,台灣高雄市左營區 文慈路118號 2 樓,40 人,每小時 $800 起
慕溪園 Mercy Café,台灣新竹縣竹北市 高鐵一路13號 1 樓,20 人,每小時 $500 起
喜陽能源科技股份有限公司,台灣新竹縣竹北市 高鐵一路13號 1 樓,30 人,每小時 $1000 起
酒吧空間租借,台灣新竹縣竹北市 高鐵一路13號 1 樓,45 人,每時段 $8000 起
森活家,台灣新竹縣竹北市 高鐵一路13號 1 樓,40 人,每時段 $5000 起
心之谷永續教育園區,台灣新竹縣竹北市 高鐵一路13號 1 樓,120 人,每小時 $2250 起
心之谷永續教育園區,台灣新竹縣竹北市 高鐵一路13號 1 樓,50 人,每小時 $1200 起
盈泰物業管理顧問有限公司,台灣新竹縣竹北市 高鐵一路13號 1 樓,16 人,每小時 $300 起
栗子派對,台灣新竹縣竹北市 高鐵一路13號 1 樓,20 人,每小時 $800 起
JR場地教室租借,台灣新竹縣竹北市 高鐵一路13號 1 樓,75 人,每時段 $3500 起
JR場地教室租借,台灣新竹縣竹北市 高鐵一路13號 1 樓,52 人,每時段 $3000 起
萬華育樂中心,台灣臺北市萬華區 昆明街30-1號 5 樓,20 人,每小時 $1200 起
麥味登北市同德店,台灣臺北市萬華區 昆明街30-1號 5 樓,40 人,每時段 $2000 起
沃客國際商務中心,台灣臺北市萬華區 昆明街30-1號 5 樓,8 人,每小時 $800 起
圓滿會,台灣臺北市萬華區 昆明街30-1號 5 樓,20 人,每時段 $3500 起
善導寺舞蹈教室,台灣臺北市萬華區 昆明街30-1號 5 樓,15 人,每小時 $300 起
Este día 這一天異國廚房,台灣臺北市萬華區 昆明街30-1號 5 樓,24 人,每小時 $1250 起
二三啪星雲工作室,台灣臺北市萬華區 昆明街30-1號 5 樓,3 人,每小時 $300 起
住商北區巨兆店,台灣臺北市萬華區 昆明街30-1號 5 樓,30 人,每小時 $500 起
嗨翻桌遊,台灣臺北市萬華區 昆明街30-1號 5 樓,10 人,每小時 $120 起
新裕興咖啡,台灣臺北市萬華區 昆明街30-1號 5 樓,27 人,每小時 $1200 起
弓炬計畫工作坊,台灣新北市板橋區 漢生東路113巷6弄1號地下 1 樓,80 人,每小時 $1000 起
Yo幼食光親子教室,台灣新北市板橋區 漢生東路113巷6弄1號地下 1 樓,20 人,每小時 $350 起
大夢想家音樂推廣中心,台灣新北市板橋區 漢生東路113巷6弄1號地下 1 樓,40 人,每時段 $800 起
眾聲服飾股份有限公司大坪林門市,台灣新北市板橋區 漢生東路113巷6弄1號地下 1 樓,50 人,每小時 $2750 起
全心場地租借,台灣新北市板橋區 漢生東路113巷6弄1號地下 1 樓,25 人,每小時 $650 起
日谷空間,台灣新北市板橋區 漢生東路113巷6弄1號地下 1 樓,35 人,每小時 $300 起
HonnBar,台灣新北市板橋區 漢生東路113巷6弄1號地下 1 樓,30 人,每小時 $900 起
VAVIN酒盒子,台灣新北市板橋區 漢生東路113巷6弄1號地下 1 樓,60 人,每時段 $30000 起
K-Space,台灣新北市板橋區 漢生東路113巷6弄1號地下 1 樓,10 人,每小時 $300 起
巷弄長壽,台灣新北市板橋區 漢生東路113巷6弄1號地下 1 樓,25 人,每小時 $1500 起
福品文創療癒所,台灣新北市板橋區 中山路一段265巷2弄1號 2 樓,30 人,每時段 $3000 起
肯園國際股份有限公司,台灣新北市板橋區 中山路一段265巷2弄1號 2 樓,24 人,每小時 $2100 起
織光苑行政,台灣新北市板橋區 中山路一段265巷2弄1號 2 樓,10 人,每時段 $1200 起
G&G Host,台灣新北市板橋區 中山路一段265巷2弄1號 2 樓,100 人,每時段 $30000 起
粼光影像製作,台灣新北市板橋區 中山路一段265巷2弄1號 2 樓,35 人,每小時 $500 起
Midoli藝術創作中心,台灣新北市板橋區 中山路一段265巷2弄1號 2 樓,10 人,每小時 $500 起
嗨翻桌遊,台灣新北市板橋區 中山路一段265巷2弄1號 2 樓,30 人,每小時 $900 起
達風多元整規劃公司行政總管,台灣新北市板橋區 中山路一段265巷2弄1號 2 樓,30 人,每小時 $2000 起
樂客共享空間,台灣新北市板橋區 中山路一段265巷2弄1號 2 樓,80 人,每小時 $1100 起
樂客共享空間,台灣新北市板橋區 中山路一段265巷2弄1號 2 樓,100 人,每小時 $1500 起
山禾苑｜Yard Sunrise,台灣臺北市士林區 芝玉路一段28號 1 樓,12 人,每小時 $650 起
山禾苑｜Yard Sunrise,台灣臺北市士林區 芝玉路一段28號 1 樓,20 人,每小時 $1000 起
勤華場地租借,台灣臺北市士林區 芝玉路一段28號 1 樓,50 人,每小時 $999 起
樂生活學苑,台灣臺北市士林區 芝玉路一段28號 1 樓,12 人,每時段 $1200 起
棚場攝影棚,台灣臺北市士林區 芝玉路一段28號 1 樓,25 人,每小時 $420 起
樂翼食光,台灣臺北市士林區 芝玉路一段28號 1 樓,50 人,每小時 $3000 起
成果行銷有限公司,台灣臺北市士林區 芝玉路一段28號 1 樓,15 人,每小時 $1050 起
山禾苑｜Yard Sunrise,台灣臺北市士林區 芝玉路一段28號 1 樓,40 人,每小時 $1800 起
SOSi FOTO 台北,台灣臺北市士林區 芝玉路一段28號 1 樓,20 人,每小時 $3000 起
黑羚商務中心,台灣臺北市士林區 芝玉路一段28號 1 樓,10 人,每小時 $600 起
勤華場地租借,台灣桃園市中壢區 中央東路88號 11 樓之 1,40 人,每小時 $999 起
黑羚商務中心,台灣桃園市中壢區 中央東路88號 11 樓之 1,10 人,每小時 $700 起
黑羚商務中心,台灣桃園市中壢區 中央東路88號 11 樓之 1,10 人,每小時 $700 起
黑羚商務中心,台灣桃園市中壢區 中央東路88號 11 樓之 1,10 人,每小時 $700 起
黑羚商務中心,台灣桃園市中壢區 中央東路88號 11 樓之 1,4 人,每小時 $500 起
勤華場地租借,台灣桃園市中壢區 中央東路88號 11 樓之 1,40 人,每小時 $999 起
血本無歸有限公司,台灣桃園市中壢區 中央東路88號 11 樓之 1,30 人,每小時 $3000 起
梅栖長期照顧有限公司,台灣桃園市中壢區 中央東路88號 11 樓之 1,31 人,每小時 $420 起
酒池肉林物產社,台灣桃園市中壢區 中央東路88號 11 樓之 1,20 人,每時段 $1500 起
酒池肉林物產社,台灣桃園市中壢區 中央東路88號 11 樓之 1,15 人,每時段 $1500 起
上島MUC咖啡廳,台灣臺南市安平區 安北路98號 1 樓,50 人,每小時 $1600 起
森活商務中心,台灣臺南市安平區 安北路98號 1 樓,30 人,每小時 $2500 起
森活商務中心,台灣臺南市安平區 安北路98號 1 樓,15 人,每小時 $1250 起
派湃有限公司,台灣臺南市安平區 安北路98號 1 樓,25 人,每小時 $700 起
派湃有限公司,台灣臺南市安平區 安北路98號 1 樓,8 人,每小時 $400 起
思辨空間,台灣臺南市安平區 安北路98號 1 樓,70 人,每時段 $5000 起
博思維商務空間-日商打造/近中央公園捷運,台灣臺南市安平區 安北路98號 1 樓,6 人,每時段 $315 起
禹通,台灣臺南市安平區 安北路98號 1 樓,40 人,每小時 $1000 起
JustCo Taiwan,台灣臺南市安平區 安北路98號 1 樓,6 人,每小時 $1638 起
JustCo Taiwan,台灣臺南市安平區 安北路98號 1 樓,50 人,每小時 $10920 起
JustCo Taiwan,台灣臺北市松山區 民生東路三段156號 9 樓,4 人,每小時 $1365 起
JustCo Taiwan,台灣臺北市松山區 民生東路三段156號 9 樓,4 人,每小時 $1365 起
JustCo Taiwan,台灣臺北市松山區 民生東路三段156號 9 樓,4 人,每小時 $1365 起
JustCo Taiwan,台灣臺北市松山區 民生東路三段156號 9 樓,6 人,每小時 $1638 起
JustCo Taiwan,台灣臺北市松山區 民生東路三段156號 9 樓,14 人,每小時 $2730 起
JustCo Taiwan,台灣臺北市松山區 民生東路三段156號 9 樓,50 人,每小時 $10920 起
JustCo Taiwan,台灣臺北市松山區 民生東路三段156號 9 樓,6 人,每小時 $1638 起
JustCo Taiwan,台灣臺北市松山區 民生東路三段156號 9 樓,6 人,每小時 $1638 起
JustCo Taiwan,台灣臺北市松山區 民生東路三段156號 9 樓,6 人,每小時 $1638 起
JustCo Taiwan,台灣臺北市松山區 民生東路三段156號 9 樓,10 人,每小時 $2730 起
蘭陽花鳥園民宿方,台灣宜蘭縣礁溪鄉 武暖路94之25號 1 樓,60 人,每小時 $1000 起
良一直播基地,台灣宜蘭縣礁溪鄉 武暖路94之25號 1 樓,10 人,每小時 $1200 起
良一直播基地,台灣宜蘭縣礁溪鄉 武暖路94之25號 1 樓,10 人,每小時 $1200 起
JustCo Taiwan,台灣宜蘭縣礁溪鄉 武暖路94之25號 1 樓,10 人,每小時 $2730 起
良一直播基地,台灣宜蘭縣礁溪鄉 武暖路94之25號 1 樓,10 人,每小時 $1400 起
JustCo Taiwan,台灣宜蘭縣礁溪鄉 武暖路94之25號 1 樓,40 人,每小時 $6825 起
JustCo Taiwan,台灣宜蘭縣礁溪鄉 武暖路94之25號 1 樓,50 人,每小時 $10920 起
JustCo Taiwan,台灣宜蘭縣礁溪鄉 武暖路94之25號 1 樓,6 人,每小時 $1638 起
JustCo Taiwan,台灣宜蘭縣礁溪鄉 武暖路94之25號 1 樓,8 人,每小時 $1638 起
JustCo Taiwan,台灣宜蘭縣礁溪鄉 武暖路94之25號 1 樓,18 人,每小時 $4410 起
JustCo Taiwan,台灣新竹縣竹北市 高鐵東二路6號 5 樓,50 人,每小時 $4988 起
絲昆忒Secret,台灣新竹縣竹北市 高鐵東二路6號 5 樓,25 人,每時段 $8500 起
JustCo Taiwan,台灣新竹縣竹北市 高鐵東二路6號 5 樓,6 人,每小時 $1638 起
臺灣行銷研究有限公司,台灣新竹縣竹北市 高鐵東二路6號 5 樓,15 人,每時段 $1500 起
敦煌音樂有限公司,台灣新竹縣竹北市 高鐵東二路6號 5 樓,100 人,每時段 $4500 起
得力文創科技,台灣新竹縣竹北市 高鐵東二路6號 5 樓,45 人,每時段 $1800 起
摸咖啡MoreCafe,台灣新竹縣竹北市 高鐵東二路6號 5 樓,15 人,每時段 $1500 起
胖鬣蜥城市特寵餐廳,台灣新竹縣竹北市 高鐵東二路6號 5 樓,30 人,每小時 $750 起
通豪大飯店,台灣新竹縣竹北市 高鐵東二路6號 5 樓,400 人,每小時 $2500 起
PiBo Space,台灣新竹縣竹北市 高鐵東二路6號 5 樓,22 人,每小時 $1100 起
Escada Rockin 搖滾階梯咖啡,台灣新北市永和區 光明里國光路21號地下 1 樓,18 人,每小時 $700 起
詹哲凡,台灣新北市永和區 光明里國光路21號地下 1 樓,40 人,每小時 $350 起
詹哲凡,台灣新北市永和區 光明里國光路21號地下 1 樓,80 人,每時段 $3000 起
四號公園文創,台灣新北市永和區 光明里國光路21號地下 1 樓,487 人,每時段 $28000 起
H gallery,台灣新北市永和區 光明里國光路21號地下 1 樓,10 人,每小時 $1500 起
四號公園文創,台灣新北市永和區 光明里國光路21號地下 1 樓,100 人,每時段 $5000 起
大果文化,台灣新北市永和區 光明里國光路21號地下 1 樓,20 人,每小時 $500 起
多點肉股份有限公司,台灣新北市永和區 光明里國光路21號地下 1 樓,15 人,每小時 $450 起
彭格商務中心 桃園中壢館,台灣新北市永和區 光明里國光路21號地下 1 樓,20 人,每小時 $800 起
彭格商務中心 苗栗頭份館,台灣新北市永和區 光明里國光路21號地下 1 樓,6 人,每小時 $500 起
春日好日中山店,台灣臺北市中山區 中山北路一段126巷16號1樓及B1地下 1 樓,30 人,每小時 $1000 起
陳實商行,台灣臺北市中山區 中山北路一段126巷16號1樓及B1地下 1 樓,22 人,每小時 $1000 起
艾迪亞居家,台灣臺北市中山區 中山北路一段126巷16號1樓及B1地下 1 樓,4 人,每小時 $350 起
艾迪亞居家,台灣臺北市中山區 中山北路一段126巷16號1樓及B1地下 1 樓,8 人,每小時 $500 起
艾迪亞居家,台灣臺北市中山區 中山北路一段126巷16號1樓及B1地下 1 樓,16 人,每小時 $500 起
敦煌音樂有限公司,台灣臺北市中山區 中山北路一段126巷16號1樓及B1地下 1 樓,9 人,每時段 $3000 起
MurderGentle優雅沉浸式劇本遊戲體驗館,台灣臺北市中山區 中山北路一段126巷16號1樓及B1地下 1 樓,10 人,每時段 $1500 起
SEMI CLUB,台灣臺北市中山區 中山北路一段126巷16號1樓及B1地下 1 樓,60 人,每時段 $40000 起
合一生活股份有限公司,台灣臺北市中山區 中山北路一段126巷16號1樓及B1地下 1 樓,50 人,每小時 $900 起
鈊樹會議室,台灣臺北市中山區 中山北路一段126巷16號1樓及B1地下 1 樓,30 人,每小時 $500 起
nueve,台灣臺北市松山區 民生東路三段130巷18弄9號1樓 1 樓,25 人,每小時 $1200 起
nueve,台灣臺北市松山區 民生東路三段130巷18弄9號1樓 1 樓,25 人,每小時 $1200 起
ZASHARE雜學校,台灣臺北市松山區 民生東路三段130巷18弄9號1樓 1 樓,30 人,每小時 $1500 起
ZASHARE雜學校,台灣臺北市松山區 民生東路三段130巷18弄9號1樓 1 樓,20 人,每小時 $3000 起
POM共享商務空間,台灣臺北市松山區 民生東路三段130巷18弄9號1樓 1 樓,20 人,每時段 $3000 起
台北月讀館,台灣臺北市松山區 民生東路三段130巷18弄9號1樓 1 樓,30 人,每小時 $3200 起
北極星共享空間,台灣臺北市松山區 民生東路三段130巷18弄9號1樓 1 樓,18 人,每時段 $2500 起
北極星共享空間,台灣臺北市松山區 民生東路三段130巷18弄9號1樓 1 樓,30 人,每時段 $2500 起
POM共享商務空間,台灣臺北市松山區 民生東路三段130巷18弄9號1樓 1 樓,4 人,每時段 $17500 起
POM共享商務空間,台灣臺北市松山區 民生東路三段130巷18弄9號1樓 1 樓,4 人,每時段 $17500 起
POM共享商務空間,台灣高雄市三民區 九如二路255之5號 14 樓,15 人,每時段 $3000 起
思辨空間,台灣高雄市三民區 九如二路255之5號 14 樓,4 人,每小時 $500 起
思辨空間,台灣高雄市三民區 九如二路255之5號 14 樓,3 人,每小時 $500 起
思辨空間,台灣高雄市三民區 九如二路255之5號 14 樓,3 人,每小時 $500 起
宓空間,台灣高雄市三民區 九如二路255之5號 14 樓,6 人,每時段 $500 起
可喜空間台北館,台灣高雄市三民區 九如二路255之5號 14 樓,30 人,每小時 $1000 起
馮源創意整合有限公司,台灣高雄市三民區 九如二路255之5號 14 樓,8 人,每小時 $450 起
馮源創意整合有限公司,台灣高雄市三民區 九如二路255之5號 14 樓,6 人,每小時 $300 起
理想間 Fancy space,台灣高雄市三民區 九如二路255之5號 14 樓,100 人,每小時 $2000 起
TTM共享空間,台灣高雄市三民區 九如二路255之5號 14 樓,15 人,每小時 $380 起
炘睿生醫股份有限公司,台灣臺中市南屯區 益豐路四段388號 1 樓,50 人,每小時 $3000 起
鹿之助茶屋,台灣臺中市南屯區 益豐路四段388號 1 樓,10 人,每小時 $1500 起
簡單漢堡,台灣臺中市南屯區 益豐路四段388號 1 樓,20 人,每小時 $800 起
MurderGentle優雅沉浸式劇本遊戲體驗館,台灣臺中市南屯區 益豐路四段388號 1 樓,8 人,每時段 $1500 起
MurderGentle優雅沉浸式劇本遊戲體驗館,台灣臺中市南屯區 益豐路四段388號 1 樓,10 人,每時段 $1500 起
MurderGentle優雅沉浸式劇本遊戲體驗館,台灣臺中市南屯區 益豐路四段388號 1 樓,8 人,每時段 $1500 起
MurderGentle優雅沉浸式劇本遊戲體驗館,台灣臺中市南屯區 益豐路四段388號 1 樓,12 人,每時段 $1500 起
ICE LIGHT 輕食咖啡雪冰優格,台灣臺中市南屯區 益豐路四段388號 1 樓,25 人,每小時 $500 起
一週七日桌遊空間,台灣臺中市南屯區 益豐路四段388號 1 樓,8 人,每小時 $200 起
吾家,台灣臺中市南屯區 益豐路四段388號 1 樓,50 人,每小時 $1000 起
放空好地方,台灣臺北市大安區 信義路四段265巷12弄21號 1 樓,28 人,每小時 $1000 起
尚學實驗有限公司,台灣臺北市大安區 信義路四段265巷12弄21號 1 樓,40 人,每小時 $900 起
長弘商務中心,台灣臺北市大安區 信義路四段265巷12弄21號 1 樓,60 人,每小時 $1800 起
亮亮健康樂園,台灣臺北市大安區 信義路四段265巷12弄21號 1 樓,30 人,每小時 $500 起
MurderGentle優雅沉浸式劇本遊戲體驗館,台灣臺北市大安區 信義路四段265巷12弄21號 1 樓,8 人,每時段 $1500 起
FarFar軟裝教育機構,台灣臺北市大安區 信義路四段265巷12弄21號 1 樓,30 人,每小時 $1600 起
良師塾人文食飲,台灣臺北市大安區 信義路四段265巷12弄21號 1 樓,20 人,每小時 $600 起
良師塾人文食飲,台灣臺北市大安區 信義路四段265巷12弄21號 1 樓,40 人,每小時 $1500 起
安億360人文空間,台灣臺北市大安區 信義路四段265巷12弄21號 1 樓,12 人,每小時 $600 起
A CUT FILM 艾克映像,台灣臺北市大安區 信義路四段265巷12弄21號 1 樓,30 人,每小時 $1000 起
誠遠國際商務中心,台灣臺北市大安區 安和路一段27號15樓,4 人,每小時 $600 起
2013藝術空間,台灣臺北市大安區 安和路一段27號15樓,100 人,每小時 $1200 起
2013藝術空間,台灣臺北市大安區 安和路一段27號15樓,70 人,每小時 $1500 起
2013藝術空間,台灣臺北市大安區 安和路一段27號15樓,8 人,每小時 $300 起
2013藝術空間,台灣臺北市大安區 安和路一段27號15樓,15 人,每小時 $600 起
2013藝術空間,台灣臺北市大安區 安和路一段27號15樓,20 人,每小時 $1000 起
壢翔通訊處,台灣臺北市大安區 安和路一段27號15樓,30 人,每小時 $250 起
讀者城市閱讀文創館,台灣臺北市大安區 安和路一段27號15樓,1 人,每小時 $400 起
MIXTIO 秘地餐廳,台灣臺北市大安區 安和路一段27號15樓,76 人,每小時 $2500 起
騰潛事業有限公司,台灣臺北市大安區 安和路一段27號15樓,10 人,每小時 $250 起
讀者城市閱讀文創館,台灣屏東縣屏東市 民生路4-17號,70 人,每小時 $3500 起
悅然療癒空間,台灣屏東縣屏東市 民生路4-17號,8 人,每小時 $349 起
藝磊國際人文空間,台灣屏東縣屏東市 民生路4-17號,33 人,每小時 $500 起
masemase樹懶,台灣屏東縣屏東市 民生路4-17號,30 人,每小時 $350 起
小馬廄｜攝影棚‧藝文空間出租,台灣屏東縣屏東市 民生路4-17號,50 人,每小時 $1200 起
岱樂加藝術【藝文創意空間租借】,台灣屏東縣屏東市 民生路4-17號,70 人,每小時 $1000 起
摩茲工寮 Mozilla Community Space Taipei,台灣屏東縣屏東市 民生路4-17號,15 人,每小時 $1 起
高雄車站NO.1會議/場地/職訓/教室附空調*近火車捷運站,台灣屏東縣屏東市 民生路4-17號,20 人,每小時 $700 起
1+1 Together Republic Cafe,台灣屏東縣屏東市 民生路4-17號,35 人,每小時 $1000 起
1+1 Together Republic Cafe,台灣屏東縣屏東市 民生路4-17號,8 人,每小時 $350 起
嘉寀萌商務中心-玻璃帷幕研習教室-提供免費地下室平面車位  每時段4小時 平日2000 假日2500,台灣臺中市北區 中清路一段89號 15 樓,30 人,每小時 $500 起
嘉寀萌商務中心-大開放百人空間-提供免費平面車位-平日4小時3000元 假日4小時4000元,台灣臺中市北區 中清路一段89號 15 樓,100 人,每小時 $750 起
嘉寀萌商務中心-小型會議與研習空間 每時段4小時 平日1000 假日1200,台灣臺中市北區 中清路一段89號 15 樓,10 人,每小時 $300 起
藏風藝文空間,台灣臺中市北區 中清路一段89號 15 樓,40 人,每小時 $500 起
藏風藝文空間,台灣臺中市北區 中清路一段89號 15 樓,64 人,每小時 $625 起
台中最便宜會議室出租（平日一小時350，可容納30人),台灣臺中市北區 中清路一段89號 15 樓,35 人,每小時 $350 起
GSR 藝術空間,台灣臺中市北區 中清路一段89號 15 樓,22 人,每小時 $400 起
GSR 藝術空間,台灣臺中市北區 中清路一段89號 15 樓,40 人,每小時 $600 起
台中場地租借~趙老師台中舞蹈教室出租,台灣臺中市北區 中清路一段89號 15 樓,25 人,每小時 $350 起
崇友人文講堂,台灣臺中市北區 中清路一段89號 15 樓,60 人,每小時 $1450 起
高雄車站NO.1會議/場地/職訓/教室附空調*近火車捷運站,台灣高雄市三民區 九如二路255-1號 12 樓,100 人,每小時 $1500 起
高雄車站NO.1會議/場地/職訓/教室附空調*近火車捷運站,台灣高雄市三民區 九如二路255-1號 12 樓,35 人,每小時 $1200 起
TCCC台灣文創訓練中心-台南擎天自助館,台灣高雄市三民區 九如二路255-1號 12 樓,60 人,每小時 $2200 起
寰宇創新會議中心 UICBC Conference Center,台灣高雄市三民區 九如二路255-1號 12 樓,12 人,每小時 $1000 起
TCCC台灣文創訓練中心-台北松江館751空間,台灣高雄市三民區 九如二路255-1號 12 樓,75 人,每小時 $3300 起
做做手藝X體驗空間,台灣高雄市三民區 九如二路255-1號 12 樓,120 人,每時段 $1333 起
多用途空間出租/大橋頭一分鐘,台灣高雄市三民區 九如二路255-1號 12 樓,30 人,每小時 $700 起
天使生活館,台灣高雄市三民區 九如二路255-1號 12 樓,80 人,每小時 $3000 起
TCCC台灣文創訓練中心-台北松江館755空間,台灣高雄市三民區 九如二路255-1號 12 樓,39 人,每小時 $1700 起
TCCC台灣文創訓練中心-台北松江館753空間,台灣高雄市三民區 九如二路255-1號 12 樓,59 人,每小時 $2200 起
TCCC台灣文創訓練中心-台北松江館754空間,台灣臺北市中山區 松江路131號 7 樓 之1 室,52 人,每小時 $2200 起
TCCC台灣文創訓練中心-台北松江館752空間,台灣臺北市中山區 松江路131號 7 樓 之1 室,50 人,每小時 $2200 起
不鳥穀共同工作空間(漢口分店)、多功能場地、會議室、淋浴與休息,台灣臺北市中山區 松江路131號 7 樓 之1 室,28 人,每小時 $250 起
❤️拾異空間❤️ 松山車站旁_雙捷運+ 台鐵_高CP值教室場地,台灣臺北市中山區 松江路131號 7 樓 之1 室,90 人,每時段 $4095 起
奇遇果人文行旅,台灣臺北市中山區 松江路131號 7 樓 之1 室,24 人,每小時 $600 起
CLAPPER STUDIO,台灣臺北市中山區 松江路131號 7 樓 之1 室,400 人,每時段 $90000 起
CLAPPER THEATER,台灣臺北市中山區 松江路131號 7 樓 之1 室,109 人,每小時 $5000 起
樂翻休閒會所,台灣臺北市中山區 松江路131號 7 樓 之1 室,50 人,每小時 $800 起
橙藝共同創作空間,台灣臺北市中山區 松江路131號 7 樓 之1 室,120 人,每小時 $1100 起
橙藝共同創作空間,台灣臺北市中山區 松江路131號 7 樓 之1 室,12 人,每小時 $275 起
TCCC台灣文創訓練中心-台中新創館0303空間,台灣臺中市西區 台灣大道二段2號 3 樓之 3,30 人,每小時 $1700 起
TCCC台灣文創訓練中心-台中新創館0304空間,台灣臺中市西區 台灣大道二段2號 3 樓之 3,24 人,每時段 $1800 起
TCCC台灣文創訓練中心-台中新創館0305空間,台灣臺中市西區 台灣大道二段2號 3 樓之 3,30 人,每時段 $1900 起
TCCC台灣文創訓練中心-台中新創館0306空間,台灣臺中市西區 台灣大道二段2號 3 樓之 3,24 人,每時段 $1800 起
TCCC台灣文創訓練中心-台中新創館0307空間,台灣臺中市西區 台灣大道二段2號 3 樓之 3,64 人,每時段 $2400 起
ApexView 極目空間,台灣臺中市西區 台灣大道二段2號 3 樓之 3,7 人,每小時 $200 起
YESPACE場地租借,台灣臺中市西區 台灣大道二段2號 3 樓之 3,50 人,每時段 $13000 起
YESPACE場地租借,台灣臺中市西區 台灣大道二段2號 3 樓之 3,50 人,每時段 $13000 起
YESPACE場地租借,台灣臺中市西區 台灣大道二段2號 3 樓之 3,50 人,每時段 $13000 起
YESPACE場地租借,台灣臺中市西區 台灣大道二段2號 3 樓之 3,70 人,每時段 $6500 起
YESPACE場地租借,台灣臺北市松山區 寧安街12號地下 1 樓,70 人,每時段 $8000 起
台灣職業技能訓練學會~近桃園火車站步行10分鐘,台灣臺北市松山區 寧安街12號地下 1 樓,30 人,每小時 $350 起
TCCC台灣文創訓練中心-台中新創館0305+0306(合併空間),台灣臺北市松山區 寧安街12號地下 1 樓,70 人,每時段 $3700 起
TCCC台灣文創訓練中心-台中新創館0303+0304(合併空間),台灣臺北市松山區 寧安街12號地下 1 樓,70 人,每時段 $3700 起
禪風會館,台灣臺北市松山區 寧安街12號地下 1 樓,60 人,每小時 $600 起
星諾文創咖啡,台灣臺北市松山區 寧安街12號地下 1 樓,44 人,每小時 $1000 起
東豐喜空間-近捷運、平價優惠、空間彈性、師大附近,台灣臺北市松山區 寧安街12號地下 1 樓,15 人,每小時 $400 起
樂生活學苑,台灣臺北市松山區 寧安街12號地下 1 樓,45 人,每小時 $187 起
Wee聯合辦公室 Wee coworking Lab 【 中正店 】,台灣臺北市松山區 寧安街12號地下 1 樓,60 人,每小時 $1667 起
高雄高鐵站前訓練中心-高雄場地/教室租借,台灣臺北市松山區 寧安街12號地下 1 樓,20 人,每小時 $500 起
高雄高鐵站前訓練中心-高雄場地/教室租借,台灣高雄市左營區 重惠街201號 1 樓,20 人,每時段 $1500 起
仙人掌桌遊空間,台灣高雄市左營區 重惠街201號 1 樓,60 人,每小時 $550 起
心徑空間,台灣高雄市左營區 重惠街201號 1 樓,20 人,每小時 $500 起
Wee聯合辦公室 Wee coworking Lab 【 中正店 】,台灣高雄市左營區 重惠街201號 1 樓,24 人,每小時 $600 起
Wee聯合辦公室 Wee coworking Lab 【 中正店 】,台灣高雄市左營區 重惠街201號 1 樓,40 人,每小時 $1200 起
奧兒享空間 Our Salon│高雄最美空間,台灣高雄市左營區 重惠街201號 1 樓,100 人,每小時 $1400 起
【維熹科技大樓】計時包場方案,台灣高雄市左營區 重惠街201號 1 樓,116 人,每時段 $8000 起
藝秀設計影像工作室,台灣高雄市左營區 重惠街201號 1 樓,50 人,每小時 $900 起
東豐喜空間-近捷運、平價優惠、空間彈性、師大附近,台灣高雄市左營區 重惠街201號 1 樓,30 人,每小時 $600 起
東豐喜空間-近捷運、平價優惠、空間彈性、師大附近,台灣高雄市左營區 重惠街201號 1 樓,18 人,每小時 $400 起
台槓創新HUB,台灣高雄市新興區 民權一路251號 20 樓,55 人,每時段 $3500 起
【Yuan Shih】場地教室、會議室出租 0~8人包場方案,台灣高雄市新興區 民權一路251號 20 樓,8 人,每小時 $250 起
台北市站前-高規格電腦教室,台灣高雄市新興區 民權一路251號 20 樓,30 人,每小時 $1400 起
台北東區-高規格電腦教室、會議室,台灣高雄市新興區 民權一路251號 20 樓,20 人,每小時 $1200 起
高雄高鐵站前訓練中心-高雄場地/教室租借,台灣高雄市新興區 民權一路251號 20 樓,30 人,每時段 $2000 起
高雄高鐵站前訓練中心-高雄場地/教室租借,台灣高雄市新興區 民權一路251號 20 樓,30 人,每小時 $700 起
台北市站前-高規格電腦教室,台灣高雄市新興區 民權一路251號 20 樓,30 人,每小時 $1400 起
新北板橋-高規格電腦教室,台灣高雄市新興區 民權一路251號 20 樓,20 人,每小時 $1200 起
新北板橋-高規格電腦教室,台灣高雄市新興區 民權一路251號 20 樓,30 人,每小時 $1400 起
桃園市中壢-高規格電腦教室,台灣高雄市新興區 民權一路251號 20 樓,30 人,每小時 $1400 起
桃園市中壢-高規格電腦教室,台灣桃園市中壢區 中山路141號 9 樓,30 人,每小時 $1200 起
Wee聯合辦公室 Wee coworking Lab 【 中正店 】,台灣桃園市中壢區 中山路141號 9 樓,6 人,每小時 $250 起
格林卡布咖啡輕食館,台灣桃園市中壢區 中山路141號 9 樓,35 人,每小時 $400 起
台北東區-高規格電腦教室、會議室,台灣桃園市中壢區 中山路141號 9 樓,30 人,每小時 $1200 起
台北東區-高規格電腦教室、會議室,台灣桃園市中壢區 中山路141號 9 樓,24 人,每小時 $1400 起
【中華民國職工福利發展協會 】場地租借方案,台灣桃園市中壢區 中山路141號 9 樓,30 人,每時段 $3500 起
約書亞文創空間- 1號多功能活動場地出租,台灣桃園市中壢區 中山路141號 9 樓,90 人,每小時 $840 起
市井商務中心,台灣桃園市中壢區 中山路141號 9 樓,6 人,每小時 $650 起
威爾希斯廚房,台灣桃園市中壢區 中山路141號 9 樓,15 人,每小時 $600 起
Grow Life 靠過來,台灣桃園市中壢區 中山路141號 9 樓,40 人,每小時 $750 起
Grow Life 靠過來,台灣臺北市中正區 新生南路一段160巷18-1號 1 樓,30 人,每小時 $750 起
加爾第咖啡-吳興店 | 信義區 | B1完整獨立空間 ｜平日＄300/1hr,台灣臺北市中正區 新生南路一段160巷18-1號 1 樓,14 人,每小時 $300 起
Monospace 共同工作空間,台灣臺北市中正區 新生南路一段160巷18-1號 1 樓,30 人,每小時 $1500 起
加爾第咖啡-莊敬店 | 信義區 | B1完整獨立空間 ｜平日價＄450/1hr,台灣臺北市中正區 新生南路一段160巷18-1號 1 樓,25 人,每小時 $450 起
(西區)Passenger 隨食。旅人,台灣臺北市中正區 新生南路一段160巷18-1號 1 樓,20 人,每時段 $1400 起
(西區)Passenger 隨食。旅人,台灣臺北市中正區 新生南路一段160巷18-1號 1 樓,50 人,每時段 $2000 起
衍聲說藝坊,台灣臺北市中正區 新生南路一段160巷18-1號 1 樓,24 人,每小時 $1500 起
桃園中壢藝文教室,台灣臺北市中正區 新生南路一段160巷18-1號 1 樓,12 人,每小時 $250 起
Ciao Coworking Space-忠孝復興館,台灣臺北市中正區 新生南路一段160巷18-1號 1 樓,120 人,每小時 $2000 起
FutureWard,台灣臺北市中正區 新生南路一段160巷18-1號 1 樓,12 人,每小時 $400 起
市井商務中心,台灣臺北市大安區 光復南路72巷73號 2 樓,50 人,每小時 $3150 起
好學市集親子文創_專業感統教室,台灣臺北市大安區 光復南路72巷73號 2 樓,15 人,每小時 $667 起
道騰國際商務中心#時租/日租/會議空間/新潮辦公,台灣臺北市大安區 光復南路72巷73號 2 樓,12 人,每時段 $350 起
HOUR JUNGLE Coworking共同工作室 台南崇學館,台灣臺北市大安區 光復南路72巷73號 2 樓,30 人,每小時 $60 起
道騰國際商務中心#時租/日租/會議空間/新潮辦公,台灣臺北市大安區 光復南路72巷73號 2 樓,20 人,每小時 $480 起
好學市集親子文創_文創教室,台灣臺北市大安區 光復南路72巷73號 2 樓,40 人,每小時 $667 起
朝思木想~好味道廚房,台灣臺北市大安區 光復南路72巷73號 2 樓,12 人,每小時 $600 起
構享聚落Compose｜創意工作 X 藝文展演,台灣臺北市大安區 光復南路72巷73號 2 樓,20 人,每小時 $1200 起
構享聚落Compose｜創意工作 X 藝文展演,台灣臺北市大安區 光復南路72巷73號 2 樓,25 人,每小時 $2000 起
構享聚落Compose｜創意工作 X 藝文展演,台灣臺北市大安區 光復南路72巷73號 2 樓,6 人,每小時 $1200 起
構享聚落Compose｜創意工作 X 藝文展演,台灣高雄市新興區 中正二路192號二樓,18 人,每小時 $1800 起
構享聚落Compose｜創意工作 X 藝文展演,台灣高雄市新興區 中正二路192號二樓,6 人,每小時 $1200 起
祥富興國際商務中心,台灣高雄市新興區 中正二路192號二樓,20 人,每時段 $3000 起
構享聚落Compose｜創意工作 X 藝文展演,台灣高雄市新興區 中正二路192號二樓,10 人,每小時 $1500 起
大俠數位攝影-板橋中山教室/攝影棚,台灣高雄市新興區 中正二路192號二樓,35 人,每小時 $500 起
大俠數位攝影-板橋中山教室/攝影棚,台灣高雄市新興區 中正二路192號二樓,10 人,每小時 $600 起
This place分享空間,台灣高雄市新興區 中正二路192號二樓,10 人,每小時 $350 起
Sync co-working space (鑫空間-博愛二館) R12 後驛捷運站,台灣高雄市新興區 中正二路192號二樓,15 人,每小時 $600 起
TCCC台灣文創訓練中心-高雄信義館K131空間,台灣高雄市新興區 中正二路192號二樓,50 人,每時段 $2300 起
TCCC台灣文創訓練中心-高雄信義館K132空間,台灣高雄市新興區 中正二路192號二樓,55 人,每時段 $2300 起
TCCC台灣文創訓練中心-高雄信義館K133空間,台灣高雄市苓雅區 中正二路175號 13 樓之 3,55 人,每時段 $2300 起
TCCC台灣文創訓練中心-高雄信義館K134空間,台灣高雄市苓雅區 中正二路175號 13 樓之 3,44 人,每時段 $1900 起
TCCC台灣文創訓練中心-高雄信義館K135空間,台灣高雄市苓雅區 中正二路175號 13 樓之 3,27 人,每時段 $1800 起
Daily Joy台喬,台灣高雄市苓雅區 中正二路175號 13 樓之 3,108 人,每時段 $5000 起
課廳 演創空間,台灣高雄市苓雅區 中正二路175號 13 樓之 3,50 人,每時段 $3000 起
樂生活學苑,台灣高雄市苓雅區 中正二路175號 13 樓之 3,45 人,每時段 $1750 起
北門窩2024場地租借合作招募,台灣高雄市苓雅區 中正二路175號 13 樓之 3,20 人,每小時 $1500 起
舞時光 藝文空間,台灣高雄市苓雅區 中正二路175號 13 樓之 3,15 人,每小時 $600 起
雅朵讀書會館,台灣高雄市苓雅區 中正二路175號 13 樓之 3,10 人,每小時 $490 起
雅朵讀書會館,台灣高雄市苓雅區 中正二路175號 13 樓之 3,6 人,每小時 $290 起
台槓創新HUB,台灣高雄市新興區 民權一路251號 20 樓,48 人,每時段 $3000 起
思考致富教室,台灣高雄市新興區 民權一路251號 20 樓,60 人,每時段 $2500 起
思考致富教室,台灣高雄市新興區 民權一路251號 20 樓,20 人,每時段 $1500 起
思考致富教室,台灣高雄市新興區 民權一路251號 20 樓,80 人,每時段 $3000 起
清涼音人文空間-高雄三多,台灣高雄市新興區 民權一路251號 20 樓,40 人,每時段 $2500 起
宅zài風格生活,台灣高雄市新興區 民權一路251號 20 樓,20 人,每小時 $2000 起
福客堂社會企業有限公司,台灣高雄市新興區 民權一路251號 20 樓,60 人,每小時 $700 起
福客堂社會企業有限公司,台灣高雄市新興區 民權一路251號 20 樓,10 人,每小時 $600 起
福客堂社會企業有限公司,台灣高雄市新興區 民權一路251號 20 樓,24 人,每小時 $600 起
華緣藝文空間,台灣高雄市新興區 民權一路251號 20 樓,30 人,每小時 $600 起
TDMC台北設計建材中心,台灣臺北市內湖區 新湖一路185號,120 人,每小時 $3000 起
四婁cafeˊ包場,台灣臺北市內湖區 新湖一路185號,400 人,每小時 $6000 起
金蘋果樹舞蹈工作室,台灣臺北市內湖區 新湖一路185號,6 人,每小時 $500 起
金蘋果樹舞蹈工作室,台灣臺北市內湖區 新湖一路185號,4 人,每小時 $200 起
金蘋果樹舞蹈工作室,台灣臺北市內湖區 新湖一路185號,20 人,每小時 $600 起
TCCC台灣文創訓練中心-台北松江2館SN201空間,台灣臺北市內湖區 新湖一路185號,46 人,每時段 $3000 起
TCCC台灣文創訓練中心-台北松江2館SN202空間,台灣臺北市內湖區 新湖一路185號,60 人,每時段 $3500 起
TCCC台灣文創訓練中心-台北松江2館SN206空間,台灣臺北市內湖區 新湖一路185號,44 人,每時段 $3000 起
TCCC台灣文創訓練中心-台北松江2館SN203空間,台灣臺北市內湖區 新湖一路185號,60 人,每時段 $3500 起
TCCC台灣文創訓練中心-台北松江2館SN204空間,台灣臺北市內湖區 新湖一路185號,54 人,每時段 $3500 起
TCCC台灣文創訓練中心-台北松江2館SN205空間,台灣臺北市中山區 松江路131號 2 樓之 4,32 人,每時段 $2500 起
NPC  場地出租,台灣臺北市中山區 松江路131號 2 樓之 4,30 人,每時段 $1500 起
夢想博愛教室,台灣臺北市中山區 松江路131號 2 樓之 4,15 人,每時段 $1600 起
夢想博愛教室,台灣臺北市中山區 松江路131號 2 樓之 4,33 人,每時段 $2240 起
夢想博愛教室,台灣臺北市中山區 松江路131號 2 樓之 4,33 人,每時段 $2560 起
創世紀場租,台灣臺北市中山區 松江路131號 2 樓之 4,45 人,每時段 $3360 起
夢想博愛教室,台灣臺北市中山區 松江路131號 2 樓之 4,46 人,每時段 $3200 起
夢想博愛教室,台灣臺北市中山區 松江路131號 2 樓之 4,8 人,每時段 $1440 起
夢想博愛教室,台灣臺北市中山區 松江路131號 2 樓之 4,23 人,每時段 $1920 起
瘋理財教室,台灣臺北市中山區 松江路131號 2 樓之 4,30 人,每時段 $2500 起
瘋理財教室,台灣臺北市中山區 民權東路二段46號 9 樓之 1,60 人,每時段 $3500 起
C.C Work 兆基商務中心和平館,台灣臺北市中山區 民權東路二段46號 9 樓之 1,300 人,每小時 $8000 起
C.C Work 兆基商務中心和平館,台灣臺北市中山區 民權東路二段46號 9 樓之 1,8 人,每小時 $400 起
C.C Work 兆基商務中心和平館,台灣臺北市中山區 民權東路二段46號 9 樓之 1,20 人,每小時 $800 起
禪風會館-影視空間,台灣臺北市中山區 民權東路二段46號 9 樓之 1,25 人,每小時 $500 起
MRT文創 古亭6號空間,台灣臺北市中山區 民權東路二段46號 9 樓之 1,7 人,每小時 $250 起
思奧共同空間 Autonomy Co-Space,台灣臺北市中山區 民權東路二段46號 9 樓之 1,20 人,每小時 $500 起
【左創生活園區】-寬敞舒適、氣氛佳、好停車的活動空間！,台灣臺北市中山區 民權東路二段46號 9 樓之 1,50 人,每小時 $1500 起
【左創生活園區】-寬敞舒適、氣氛佳、好停車的活動空間！,台灣臺北市中山區 民權東路二段46號 9 樓之 1,12 人,每小時 $900 起
STARS美學館,台灣臺北市中山區 民權東路二段46號 9 樓之 1,200 人,每小時 $2000 起
路內視覺｜板橋｜,台灣新北市板橋區 國光路34號2樓,5 人,每小時 $300 起
Sync co-working space (鑫空間-明誠館) R13 凹子底捷運站,台灣新北市板橋區 國光路34號2樓,25 人,每小時 $800 起
四婁cafeˊ咖啡廳,台灣新北市板橋區 國光路34號2樓,50 人,每小時 $1280 起
崇友人文講堂,台灣新北市板橋區 國光路34號2樓,25 人,每小時 $850 起
威保商務九如教室,台灣新北市板橋區 國光路34號2樓,80 人,每小時 $444 起
Wee聯合辦公室 Wee coworking Lab 【 博愛店 】,台灣新北市板橋區 國光路34號2樓,12 人,每小時 $400 起
Wee聯合辦公室 Wee coworking Lab 【 博愛店 】,台灣新北市板橋區 國光路34號2樓,50 人,每小時 $1250 起
Wee聯合辦公室 Wee coworking Lab 【 博愛店 】,台灣新北市板橋區 國光路34號2樓,8 人,每小時 $300 起
Wee聯合辦公室 Wee coworking Lab 【 博愛店 】,台灣新北市板橋區 國光路34號2樓,80 人,每小時 $1667 起
HOWSHOW│中壢,台灣新北市板橋區 國光路34號2樓,35 人,每小時 $250 起
嘟嘟吧幸福手作坊,台灣新北市三重區 中正北路430-2號 1 樓,20 人,每小時 $600 起
盤古銀髮-拾夢家,台灣新北市三重區 中正北路430-2號 1 樓,30 人,每時段 $3150 起
Birdy's Nest 隨意窩 Tổ Chim,台灣新北市三重區 中正北路430-2號 1 樓,8 人,每小時 $250 起
思考致富教室,台灣新北市三重區 中正北路430-2號 1 樓,100 人,每時段 $4000 起
一直咖啡,台灣新北市三重區 中正北路430-2號 1 樓,50 人,每小時 $500 起
Milk Bar by BKA,台灣新北市三重區 中正北路430-2號 1 樓,50 人,每小時 $2100 起
邸TaiDang創生基地,台灣新北市三重區 中正北路430-2號 1 樓,10 人,每時段 $250 起
Milk Bar by BKA,台灣新北市三重區 中正北路430-2號 1 樓,10 人,每時段 $2800 起
Milk Bar by BKA,台灣新北市三重區 中正北路430-2號 1 樓,40 人,每小時 $1500 起
寶星文化2F｜劍橋考試場地｜課程講座｜教育訓練,台灣新北市三重區 中正北路430-2號 1 樓,25 人,每小時 $600 起
博思維商務空間-日商打造/近中央公園捷運,台灣高雄市前金區 五福三路63號5樓 5 樓之 2,12 人,每小時 $1000 起
博思維商務空間-日商打造/近中央公園捷運,台灣高雄市前金區 五福三路63號5樓 5 樓之 2,12 人,每小時 $315 起
ShengSheng,台灣高雄市前金區 五福三路63號5樓 5 樓之 2,40 人,每小時 $1500 起
邸TaiDang創生基地,台灣高雄市前金區 五福三路63號5樓 5 樓之 2,60 人,每小時 $2000 起
AGAPE愛加倍 咖啡廳／活動場地,台灣高雄市前金區 五福三路63號5樓 5 樓之 2,35 人,每小時 $600 起
WAGA SPACE 空間租賃方案,台灣高雄市前金區 五福三路63號5樓 5 樓之 2,20 人,每小時 $1800 起
瘋桌遊松山店,台灣高雄市前金區 五福三路63號5樓 5 樓之 2,30 人,每小時 $500 起
CASE｜複合式展演空間,台灣高雄市前金區 五福三路63號5樓 5 樓之 2,50 人,每小時 $650 起
CASE｜複合式展演空間,台灣高雄市前金區 五福三路63號5樓 5 樓之 2,50 人,每小時 $1000 起
CASE｜複合式展演空間,台灣高雄市前金區 五福三路63號5樓 5 樓之 2,50 人,每小時 $800 起
TIL space交流空間（近台南火車站／小教室）,台灣臺南市中西區 中山路90號 8 樓 16 室,10 人,每小時 $180 起
桃園市中壢區青塘園遊客中心(豆薈趣青塘園門市),台灣臺南市中西區 中山路90號 8 樓 16 室,70 人,每小時 $1500 起
桃園市中壢區青塘園遊客中心(豆薈趣青塘園門市),台灣臺南市中西區 中山路90號 8 樓 16 室,28 人,每小時 $1000 起
和仕聯合商務空間,台灣臺南市中西區 中山路90號 8 樓 16 室,12 人,每小時 $2000 起
舞時光 藝文空間,台灣臺南市中西區 中山路90號 8 樓 16 室,15 人,每小時 $500 起
創世紀商務中心場租,台灣臺南市中西區 中山路90號 8 樓 16 室,18 人,每時段 $1500 起
思奧共同空間 Autonomy Co-Space,台灣臺南市中西區 中山路90號 8 樓 16 室,100 人,每小時 $2000 起
PAF運動空間,台灣臺南市中西區 中山路90號 8 樓 16 室,25 人,每小時 $1000 起
創世紀商務中心場租,台灣臺南市中西區 中山路90號 8 樓 16 室,30 人,每時段 $1300 起
Wayne的口嗜心飛料理實驗室,台灣臺南市中西區 中山路90號 8 樓 16 室,30 人,每小時 $1245 起
Wayne的口嗜心飛料理實驗室,台灣臺北市中正區 永康街2巷12號,18 人,每小時 $650 起
建築師公會會館大樓12樓演講廳/會議室,台灣臺北市中正區 永康街2巷12號,35 人,每時段 $3000 起
建築師公會會館大樓12樓演講廳/會議室,台灣臺北市中正區 永康街2巷12號,80 人,每時段 $5000 起
高雄85大樓 場地租借中心,台灣臺北市中正區 永康街2巷12號,80 人,每小時 $700 起
東豐喜空間-近捷運、平價優惠、空間彈性、師大附近,台灣臺北市中正區 永康街2巷12號,20 人,每小時 $400 起
金鋒山股份有限公司,台灣臺北市中正區 永康街2巷12號,12 人,每小時 $3000 起
藝·窩瘋多元共享空間,台灣臺北市中正區 永康街2巷12號,30 人,每小時 $300 起
上古國際藝術,台灣臺北市中正區 永康街2巷12號,80 人,每小時 $3000 起
【Le Phare 共享空間】會議場地、工作空間、教練諮詢室,台灣臺北市中正區 永康街2巷12號,10 人,每小時 $500 起
【Le Phare 共享空間】會議場地、工作空間、教練諮詢室,台灣臺北市中正區 永康街2巷12號,10 人,每小時 $500 起
【Le Phare 共享空間】會議場地、工作空間、教練諮詢室,台灣新竹縣竹北市 復興三路二段168號 9 樓 5 室,80 人,每小時 $2500 起
愛裡‧時氣味藝術場地租借,台灣新竹縣竹北市 復興三路二段168號 9 樓 5 室,60 人,每時段 $4000 起
瑜珈大教室,台灣新竹縣竹北市 復興三路二段168號 9 樓 5 室,50 人,每小時 $1667 起
【Le Phare 共享空間】會議場地、工作空間、教練諮詢室,台灣新竹縣竹北市 復興三路二段168號 9 樓 5 室,80 人,每小時 $3500 起
Terminal C 兆基國際新創聚落,台灣新竹縣竹北市 復興三路二段168號 9 樓 5 室,120 人,每小時 $2800 起
Terminal C 兆基國際新創聚落,台灣新竹縣竹北市 復興三路二段168號 9 樓 5 室,500 人,每小時 $12000 起
新北樂扶-會議室,台灣新竹縣竹北市 復興三路二段168號 9 樓 5 室,25 人,每小時 $350 起
IGU愛成長多元學習空間 場地租借 中小型教室,台灣新竹縣竹北市 復興三路二段168號 9 樓 5 室,45 人,每時段 $3000 起
IGU愛成長多元學習空間 場地租借 中小型教室,台灣新竹縣竹北市 復興三路二段168號 9 樓 5 室,18 人,每時段 $1200 起
福客堂社會企業有限公司,台灣新竹縣竹北市 復興三路二段168號 9 樓 5 室,30 人,每小時 $1000 起
玩賽斯工作室,台灣臺北市大安區 雲和街63號 1 樓,3 人,每小時 $350 起
炎洲集團總部3樓國際會議中心,台灣臺北市大安區 雲和街63號 1 樓,20 人,每小時 $2000 起
炎洲集團總部3樓國際會議中心,台灣臺北市大安區 雲和街63號 1 樓,60 人,每小時 $3400 起
炎洲集團總部3樓國際會議中心,台灣臺北市大安區 雲和街63號 1 樓,20 人,每小時 $1000 起
炎洲集團總部3樓國際會議中心,台灣臺北市大安區 雲和街63號 1 樓,16 人,每小時 $500 起
板橋職訓教室3樓,台灣臺北市大安區 雲和街63號 1 樓,35 人,每小時 $800 起
板橋職訓教室2樓,台灣臺北市大安區 雲和街63號 1 樓,37 人,每小時 $800 起
板橋職訓教室1樓,台灣臺北市大安區 雲和街63號 1 樓,35 人,每小時 $650 起
好易攝影棚,台灣臺北市大安區 雲和街63號 1 樓,5 人,每小時 $500 起
好易攝影棚,台灣臺北市大安區 雲和街63號 1 樓,6 人,每小時 $500 起
917好事咖啡創意廚房,台灣臺北市大安區 安居街8巷19號地下 1 樓,50 人,每小時 $900 起
DFS形象管理｜近國父紀念館全新空間,台灣臺北市大安區 安居街8巷19號地下 1 樓,15 人,每小時 $400 起
DFS形象管理｜近國父紀念館全新空間,台灣臺北市大安區 安居街8巷19號地下 1 樓,5 人,每小時 $600 起
台中火車站成陽大樓教室(綠川東)-30~70人場地租借,台灣臺北市大安區 安居街8巷19號地下 1 樓,50 人,每時段 $2000 起
台中火車站85大樓教室-26~75人場地租借,台灣臺北市大安區 安居街8巷19號地下 1 樓,36 人,每時段 $1900 起
台中火車站85大樓教室-26~75人場地租借,台灣臺北市大安區 安居街8巷19號地下 1 樓,48 人,每時段 $2100 起
台中火車站85大樓教室-26~75人場地租借,台灣臺北市大安區 安居街8巷19號地下 1 樓,90 人,每時段 $3300 起
台北火車站世界大樓教室-16~30人場地租借,台灣臺北市大安區 安居街8巷19號地下 1 樓,30 人,每時段 $1600 起
台北火車站金融大樓場地租借-30~50人教室租借,台灣臺北市大安區 安居街8巷19號地下 1 樓,50 人,每時段 $2300 起
台北火車站金融大樓場地租借-30~50人教室租借,台灣臺北市大安區 安居街8巷19號地下 1 樓,40 人,每時段 $2000 起
LEES 李室工坊,台灣臺中市豐原區 大明路3號,30 人,每小時 $2000 起
全智網科技,台灣臺中市豐原區 大明路3號,16 人,每時段 $4000 起
全智網科技,台灣臺中市豐原區 大明路3號,18 人,每時段 $4000 起
全智網科技,台灣臺中市豐原區 大明路3號,30 人,每時段 $4000 起
全智網科技,台灣臺中市豐原區 大明路3號,16 人,每時段 $3000 起
上古國際藝術,台灣臺中市豐原區 大明路3號,30 人,每小時 $5000 起
新竹火車站-新竹中正路教室租借-18~30人場地租借,台灣臺中市豐原區 大明路3號,30 人,每時段 $1500 起
新竹火車站-新竹中正路教室租借-18~30人場地租借,台灣臺中市豐原區 大明路3號,18 人,每時段 $1200 起
清涼音人文空間-高雄小港教室,台灣臺中市豐原區 大明路3號,25 人,每時段 $2500 起
Gumgum Beer & Wings 雞翅啤酒吧,台灣臺中市豐原區 大明路3號,70 人,每小時 $4500 起
《臺南文創園區》,台灣臺南市東區 北門路二段16號,24 人,每時段 $3000 起
Lyra Space 萊拉空間,台灣臺南市東區 北門路二段16號,35 人,每小時 $615 起
Lyra Space 萊拉空間,台灣臺南市東區 北門路二段16號,32 人,每小時 $560 起
Lyra Space 萊拉空間,台灣臺南市東區 北門路二段16號,10 人,每小時 $265 起
Lyra Space 萊拉空間,台灣臺南市東區 北門路二段16號,42 人,每小時 $880 起
Lyra Space 萊拉空間,台灣臺南市東區 北門路二段16號,80 人,每小時 $1150 起
golden space 松昱國際商務中心-行天宮站,台灣臺南市東區 北門路二段16號,10 人,每小時 $500 起
行動學習商務中心-貴梅館 共享共煮共食廚房,台灣臺南市東區 北門路二段16號,20 人,每小時 $1000 起
五壤藝術空間,台灣臺南市東區 北門路二段16號,40 人,每小時 $1500 起
百年老洋房-黑金通複合式餐飲空間,台灣臺南市東區 北門路二段16號,80 人,每時段 $5000 起
桃園雙得統領天廈致富教室-10~100人場地租借,台灣桃園市桃園區 民權路6號 4 樓,40 人,每時段 $1600 起
桃園雙得統領天廈致富教室-10~100人場地租借,台灣桃園市桃園區 民權路6號 4 樓,60 人,每時段 $2100 起
桃園雙得統領天廈致富教室-10~100人場地租借,台灣桃園市桃園區 民權路6號 4 樓,20 人,每時段 $1100 起
桃園雙得統領天廈致富教室-10~100人場地租借,台灣桃園市桃園區 民權路6號 4 樓,80 人,每時段 $2600 起
桃園雙得統領天廈致富教室-10~100人場地租借,台灣桃園市桃園區 民權路6號 4 樓,100 人,每時段 $3700 起
CASE｜複合式展演空間,台灣桃園市桃園區 民權路6號 4 樓,50 人,每小時 $500 起
【新亮點商務中心】會議、記者會、展演空間、發表會、聚會餐敘,台灣桃園市桃園區 民權路6號 4 樓,16 人,每小時 $900 起
【新亮點商務中心】會議、記者會、展演空間、發表會、聚會餐敘,台灣桃園市桃園區 民權路6號 4 樓,30 人,每小時 $1500 起
【新亮點商務中心】會議、記者會、展演空間、發表會、聚會餐敘,台灣桃園市桃園區 民權路6號 4 樓,5 人,每小時 $500 起
【新亮點商務中心】會議、記者會、展演空間、發表會、聚會餐敘,台灣桃園市桃園區 民權路6號 4 樓,3 人,每小時 $300 起
Top Space 台中商務中心,台灣臺中市中區 民族路23號 3 樓之 2,100 人,每時段 $3300 起
Top Space 台中商務中心,台灣臺中市中區 民族路23號 3 樓之 2,33 人,每時段 $2500 起
【YC空間  場地出租】,台灣臺中市中區 民族路23號 3 樓之 2,24 人,每小時 $350 起
威爾希斯共享廚房&家,台灣臺中市中區 民族路23號 3 樓之 2,30 人,每小時 $1000 起
易禧創意EC DESIGN SCHOOL,台灣臺中市中區 民族路23號 3 樓之 2,30 人,每時段 $5000 起
HOWSHOW共享空間,台灣臺中市中區 民族路23號 3 樓之 2,20 人,每小時 $450 起
HOWSHOW共享空間,台灣臺中市中區 民族路23號 3 樓之 2,8 人,每小時 $230 起
TDMC台北設計建材中心,台灣臺中市中區 民族路23號 3 樓之 2,200 人,每小時 $3250 起
golden space 松昱國際商務中心-行天宮站,台灣臺中市中區 民族路23號 3 樓之 2,30 人,每時段 $4200 起
HWPAP 萬民敬拜禱告中心 活動/展覽 空間,台灣臺中市中區 民族路23號 3 樓之 2,500 人,每小時 $5000 起
輯格設計學院 JK Design Academy,台灣新北市板橋區 文化路一段120號 4 樓,50 人,每小時 $800 起
輯格設計學院 JK Design Academy,台灣新北市板橋區 文化路一段120號 4 樓,20 人,每小時 $600 起
天翼文創科技館(講座型),台灣新北市板橋區 文化路一段120號 4 樓,110 人,每小時 $1500 起
天翼文創科技館(講座型),台灣新北市板橋區 文化路一段120號 4 樓,80 人,每小時 $1400 起
台北工作趣Work Fun,台灣新北市板橋區 文化路一段120號 4 樓,10 人,每小時 $500 起
台北工作趣Work Fun,台灣新北市板橋區 文化路一段120號 4 樓,4 人,每小時 $300 起
HWPAP 萬民敬拜禱告中心 活動/展覽 空間,台灣新北市板橋區 文化路一段120號 4 樓,20 人,每小時 $600 起
HWPAP 萬民敬拜禱告中心 活動/展覽 空間,台灣新北市板橋區 文化路一段120號 4 樓,15 人,每小時 $500 起
玩賽斯工作室,台灣新北市板橋區 文化路一段120號 4 樓,30 人,每小時 $1050 起
台南市永康科技園區 展場,台灣新北市板橋區 文化路一段120號 4 樓,300 人,每時段 $30000 起
玩賽斯工作室,台灣臺北市大安區 雲和街63號地下 1 樓,8 人,每小時 $290 起
C.T.L. 創造極限共享空間,台灣臺北市大安區 雲和街63號地下 1 樓,30 人,每小時 $400 起
MK反轉外語-各類型場地租借,台灣臺北市大安區 雲和街63號地下 1 樓,15 人,每小時 $850 起
No.5527 Studio,台灣臺北市大安區 雲和街63號地下 1 樓,8 人,每小時 $1200 起
台中多功能會議教室空間,台灣臺北市大安區 雲和街63號地下 1 樓,30 人,每時段 $1800 起
毛時光共享空間,台灣臺北市大安區 雲和街63號地下 1 樓,40 人,每小時 $900 起
MK反轉外語-各類型場地租借,台灣臺北市大安區 雲和街63號地下 1 樓,25 人,每小時 $1000 起
mutix Studio,台灣臺北市大安區 雲和街63號地下 1 樓,50 人,每小時 $2000 起
mutix Studio,台灣臺北市大安區 雲和街63號地下 1 樓,6 人,每小時 $250 起
HOWSHOW│中壢,台灣臺北市大安區 雲和街63號地下 1 樓,15 人,每小時 $200 起
兩兩探戈 Tango.two,台灣臺中市西區 美村路一段743號 3 樓,80 人,每小時 $1000 起
和仕聯合商務空間,台灣臺中市西區 美村路一段743號 3 樓,5 人,每小時 $1000 起
寵樂町,台灣臺中市西區 美村路一段743號 3 樓,35 人,每小時 $1100 起
寵樂町,台灣臺中市西區 美村路一段743號 3 樓,15 人,每小時 $500 起
寵樂町,台灣臺中市西區 美村路一段743號 3 樓,40 人,每小時 $1125 起
寵樂町,台灣臺中市西區 美村路一段743號 3 樓,20 人,每小時 $670 起
寵樂町,台灣臺中市西區 美村路一段743號 3 樓,10 人,每小時 $1500 起
寵樂町,台灣臺中市西區 美村路一段743號 3 樓,85 人,每小時 $4000 起
彩家科技3D列印總公司教室出租,台灣臺中市西區 美村路一段743號 3 樓,25 人,每小時 $550 起
Karawalker我的夢想行動家,台灣臺中市西區 美村路一段743號 3 樓,30 人,每時段 $18000 起
板橋攝影棚,台灣新北市板橋區 國光路34之１號 2 樓,10 人,每小時 $1000 起
❤️拾異空間❤️ 松山車站旁_雙捷運+ 台鐵_高CP值教室場地,台灣新北市板橋區 國光路34之１號 2 樓,150 人,每時段 $6825 起
❤️拾異空間❤️ 松山車站旁_雙捷運+ 台鐵_高CP值教室場地,台灣新北市板橋區 國光路34之１號 2 樓,50 人,每時段 $3413 起
TEST,台灣新北市板橋區 國光路34之１號 2 樓,5 人,每小時 $1 起
光寓想享,台灣新北市板橋區 國光路34之１號 2 樓,30 人,每小時 $1500 起
【鷺鳴國際商務中心】全新裝潢獨立包廂會議室,台灣新北市板橋區 國光路34之１號 2 樓,10 人,每小時 $800 起
拾歲影像 | 板橋府中,台灣新北市板橋區 國光路34之１號 2 樓,9 人,每小時 $500 起
【鴻琦藝術】教室A  會議/課程講座/培訓/臨時辦公室,台灣新北市板橋區 國光路34之１號 2 樓,12 人,每小時 $370 起
和仕聯合商務空間-台中高峰,台灣新北市板橋區 國光路34之１號 2 樓,4 人,每小時 $600 起
和仕聯合商務空間-台中高峰,台灣新北市板橋區 國光路34之１號 2 樓,8 人,每小時 $1000 起
台灣美麗平台股份有限公司,台灣臺北市大同區 民權西路104號 4 樓,25 人,每小時 $600 起
台灣美麗平台股份有限公司,台灣臺北市大同區 民權西路104號 4 樓,35 人,每小時 $400 起
岩究所攀岩館,台灣臺北市大同區 民權西路104號 4 樓,12 人,每小時 $1000 起
《臺南文創園區》,台灣臺北市大同區 民權西路104號 4 樓,60 人,每時段 $4000 起
《臺南文創園區》,台灣臺北市大同區 民權西路104號 4 樓,60 人,每時段 $4500 起
《臺南文創園區》,台灣臺北市大同區 民權西路104號 4 樓,72 人,每時段 $5000 起
TDMC台北設計建材中心,台灣臺北市大同區 民權西路104號 4 樓,100 人,每小時 $2750 起
《臺南文創園區》,台灣臺北市大同區 民權西路104號 4 樓,72 人,每時段 $5000 起
好學市集親子文創_文創教室,台灣臺北市大同區 民權西路104號 4 樓,32 人,每小時 $667 起
博思維商務空間-日商打造/近中央公園捷運,台灣臺北市大同區 民權西路104號 4 樓,30 人,每小時 $500 起
Whims乘興院,台灣臺北市內湖區 民權東路六段11巷39號5樓 5 樓,50 人,每小時 $1500 起
661 車庫,台灣臺北市內湖區 民權東路六段11巷39號5樓 5 樓,20 人,每小時 $1500 起
謙匯普樂室行旅,台灣臺北市內湖區 民權東路六段11巷39號5樓 5 樓,50 人,每時段 $1000 起
JUR space 共享空間,台灣臺北市內湖區 民權東路六段11巷39號5樓 5 樓,16 人,每小時 $800 起
樂福利餐酒館,台灣臺北市內湖區 民權東路六段11巷39號5樓 5 樓,20 人,每小時 $2000 起
A+SPACE,台灣臺北市內湖區 民權東路六段11巷39號5樓 5 樓,100 人,每時段 $2000 起
Milk Bar by BKA,台灣臺北市內湖區 民權東路六段11巷39號5樓 5 樓,10 人,每小時 $500 起
Milk Bar by BKA,台灣臺北市內湖區 民權東路六段11巷39號5樓 5 樓,80 人,每時段 $28000 起
Milk Bar by BKA,台灣臺北市內湖區 民權東路六段11巷39號5樓 5 樓,100 人,每時段 $45000 起
舞工廠舞團空間,台灣臺北市內湖區 民權東路六段11巷39號5樓 5 樓,30 人,每小時 $750 起
Terminal C 兆基國際新創聚落,台灣臺北市中山區 建國北路三段92號,10 人,每小時 $500 起
HOWSHOW│中壢,台灣臺北市中山區 建國北路三段92號,50 人,每小時 $400 起
虎玩溜溜球扯鈴雜耍專賣店(已換空間),台灣臺北市中山區 建國北路三段92號,15 人,每小時 $400 起
JUR space 共享空間,台灣臺北市中山區 建國北路三段92號,12 人,每小時 $600 起
金鋒山股份有限公司,台灣臺北市中山區 建國北路三段92號,10 人,每小時 $1000 起
金鋒山股份有限公司,台灣臺北市中山區 建國北路三段92號,10 人,每時段 $7200 起
金鋒山股份有限公司,台灣臺北市中山區 建國北路三段92號,8 人,每時段 $6000 起
金鋒山股份有限公司,台灣臺北市中山區 建國北路三段92號,8 人,每小時 $800 起
金鋒山股份有限公司,台灣臺北市中山區 建國北路三段92號,30 人,每小時 $880 起
金鋒山股份有限公司,台灣臺北市中山區 建國北路三段92號,12 人,每小時 $1100 起
金鋒山股份有限公司,台灣臺北市內湖區 瑞光路168號 9 樓,12 人,每時段 $7900 起
ASW Tea House,台灣臺北市內湖區 瑞光路168號 9 樓,30 人,每小時 $5000 起
巨寰宇全球人文會展中心,台灣臺北市內湖區 瑞光路168號 9 樓,120 人,每時段 $14000 起
巨寰宇全球人文會展中心,台灣臺北市內湖區 瑞光路168號 9 樓,300 人,每時段 $23000 起
點石經紀,台灣臺北市內湖區 瑞光路168號 9 樓,15 人,每時段 $1200 起
點石經紀,台灣臺北市內湖區 瑞光路168號 9 樓,15 人,每時段 $3500 起
春成攝影有限公司,台灣臺北市內湖區 瑞光路168號 9 樓,20 人,每小時 $1200 起
待一下 Stay for a while,台灣臺北市內湖區 瑞光路168號 9 樓,15 人,每小時 $350 起
梅花鹿影業股份有限公司,台灣臺北市內湖區 瑞光路168號 9 樓,45 人,每小時 $800 起
壞鞋子舞蹈劇場,台灣臺北市內湖區 瑞光路168號 9 樓,50 人,每時段 $4800 起
合拍所在實景棚,台灣臺北市士林區 延平北路七段106巷39號 1 樓,50 人,每小時 $3500 起
艾弗瑞商務中心,台灣臺北市士林區 延平北路七段106巷39號 1 樓,60 人,每小時 $2000 起
春成攝影有限公司,台灣臺北市士林區 延平北路七段106巷39號 1 樓,10 人,每小時 $1000 起
Lyra Space 萊拉空間,台灣臺北市士林區 延平北路七段106巷39號 1 樓,16 人,每小時 $350 起
Lyra Space 萊拉空間,台灣臺北市士林區 延平北路七段106巷39號 1 樓,60 人,每小時 $1150 起
奇遇果人文行旅,台灣臺北市士林區 延平北路七段106巷39號 1 樓,12 人,每小時 $550 起
暢唱咖啡餐酒館／三重最佳音樂餐酒館暨展演空間,台灣臺北市士林區 延平北路七段106巷39號 1 樓,50 人,每小時 $1700 起
跑者肌地,台灣臺北市士林區 延平北路七段106巷39號 1 樓,12 人,每小時 $500 起
虱目魚主題館-來趣漁光島,台灣臺北市士林區 延平北路七段106巷39號 1 樓,40 人,每小時 $1000 起
台北復興百人教室-70~130人場地租借,台灣臺北市士林區 延平北路七段106巷39號 1 樓,80 人,每時段 $3900 起
台北復興百人教室-大教室,台灣臺北市松山區 復興南路一段27號 5 樓,145 人,每時段 $5300 起
JUR space 共享空間,台灣臺北市松山區 復興南路一段27號 5 樓,28 人,每小時 $1350 起
黑帽Black Hat Jazz Café & Bar,台灣臺北市松山區 復興南路一段27號 5 樓,25 人,每小時 $2000 起
君品collection,台灣臺北市松山區 復興南路一段27號 5 樓,50 人,每時段 $287500 起
巨寰宇全球人文會展中心,台灣臺北市松山區 復興南路一段27號 5 樓,120 人,每時段 $13500 起
君品collection,台灣臺北市松山區 復興南路一段27號 5 樓,310 人,每時段 $902000 起
君品collection,台灣臺北市松山區 復興南路一段27號 5 樓,80 人,每時段 $95040 起
君品collection,台灣臺北市松山區 復興南路一段27號 5 樓,3800 人,每時段 $384725 起
君品collection,台灣臺北市松山區 復興南路一段27號 5 樓,800 人,每時段 $494725 起
巨寰宇全球人文會展中心,台灣臺北市松山區 復興南路一段27號 5 樓,50 人,每時段 $7500 起
君品collection,台灣高雄市前鎮區 中華五路789號8樓,650 人,每時段 $96712 起
巨寰宇全球人文會展中心,台灣高雄市前鎮區 中華五路789號8樓,50 人,每時段 $7000 起
巨寰宇全球人文會展中心,台灣高雄市前鎮區 中華五路789號8樓,20 人,每時段 $7000 起
灶神在家,台灣高雄市前鎮區 中華五路789號8樓,40 人,每小時 $2000 起
晨鈺文化有限公司,台灣高雄市前鎮區 中華五路789號8樓,15 人,每小時 $350 起
道騰國際商務中心#時租/日租/會議空間/新潮辦公,台灣高雄市前鎮區 中華五路789號8樓,8 人,每小時 $400 起
道騰國際商務中心#時租/日租/會議空間/新潮辦公,台灣高雄市前鎮區 中華五路789號8樓,120 人,每小時 $2500 起
道騰國際商務中心#時租/日租/會議空間/新潮辦公,台灣高雄市前鎮區 中華五路789號8樓,15 人,每小時 $670 起
好日居,台灣高雄市前鎮區 中華五路789號8樓,10 人,每小時 $300 起
君之名廚,台灣高雄市前鎮區 中華五路789號8樓,25 人,每小時 $750 起
陽光大教室,台灣桃園市蘆竹區 南崁路265號 6 樓,99 人,每小時 $300 起
思考致富教室,台灣桃園市蘆竹區 南崁路265號 6 樓,30 人,每時段 $2000 起
學好好學人文教育有限公司,台灣桃園市蘆竹區 南崁路265號 6 樓,18 人,每小時 $750 起
皇家NTC商務中心,台灣桃園市蘆竹區 南崁路265號 6 樓,100 人,每時段 $20000 起
THE NORMAL敦北店,台灣桃園市蘆竹區 南崁路265號 6 樓,60 人,每小時 $3000 起
角石人文空間-桃園站前,台灣桃園市蘆竹區 南崁路265號 6 樓,30 人,每小時 $600 起
補習班,台灣桃園市蘆竹區 南崁路265號 6 樓,10 人,每小時 $200 起
大唐塾,台灣桃園市蘆竹區 南崁路265號 6 樓,60 人,每時段 $8000 起
大唐塾,台灣桃園市蘆竹區 南崁路265號 6 樓,60 人,每時段 $10000 起
君品collection,台灣桃園市蘆竹區 南崁路265號 6 樓,200 人,
Aeroom醒醒吧,台灣臺北市大安區 忠孝東路三段251巷8弄6號,30 人,每小時 $1800 起
十方音樂劇場,台灣臺北市大安區 忠孝東路三段251巷8弄6號,108 人,每時段 $10000 起
十方音樂劇場,台灣臺北市大安區 忠孝東路三段251巷8弄6號,40 人,每小時 $1500 起
隱樓INVISIBLE,台灣臺北市大安區 忠孝東路三段251巷8弄6號,20 人,每小時 $550 起
放空 Zzz Studio,台灣臺北市大安區 忠孝東路三段251巷8弄6號,30 人,每小時 $1000 起
EL GATO,台灣臺北市大安區 忠孝東路三段251巷8弄6號,30 人,每小時 $1500 起
飛樂行銷,台灣臺北市大安區 忠孝東路三段251巷8弄6號,30 人,每小時 $1500 起
UNIX Taiwan,台灣臺北市大安區 忠孝東路三段251巷8弄6號,30 人,每時段 $3000 起
BLND,台灣臺北市大安區 忠孝東路三段251巷8弄6號,20 人,每小時 $700 起
皇家NTC商務中心,台灣臺北市大安區 忠孝東路三段251巷8弄6號,60 人,每時段 $10000 起
皇家NTC商務中心,台灣臺中市西屯區 市政北二路282號 21 樓 小會議 室,8 人,每時段 $2500 起
mutix Studio,台灣臺中市西屯區 市政北二路282號 21 樓 小會議 室,12 人,每小時 $500 起
皇家NTC商務中心,台灣臺中市西屯區 市政北二路282號 21 樓 小會議 室,20 人,每時段 $8000 起
HOUR JUNGLE Coworking共同工作室台南中山館,台灣臺中市西屯區 市政北二路282號 21 樓 小會議 室,15 人,每小時 $400 起
大大小小行創股份有限公司,台灣臺中市西屯區 市政北二路282號 21 樓 小會議 室,18 人,每時段 $3000 起
TAKE A SEAT 鉄席共同工作空間,台灣臺中市西屯區 市政北二路282號 21 樓 小會議 室,10 人,每小時 $400 起
聚峰投顧有限公司,台灣臺中市西屯區 市政北二路282號 21 樓 小會議 室,4 人,每小時 $210 起
Found'ee Studio 覓糖室,台灣臺中市西屯區 市政北二路282號 21 樓 小會議 室,25 人,每小時 $1000 起
創客共好股份有限公司,台灣臺中市西屯區 市政北二路282號 21 樓 小會議 室,8 人,每小時 $315 起
芊華苑居家美學精品傢俬,台灣臺中市西屯區 市政北二路282號 21 樓 小會議 室,20 人,每小時 $3000 起
澔享創意共享空間,台灣臺北市大同區 太原路11巷29號 1 樓,35 人,每時段 $3000 起
HOWSHOW│中壢,台灣臺北市大同區 太原路11巷29號 1 樓,25 人,每小時 $250 起
創客青年中心,台灣臺北市大同區 太原路11巷29號 1 樓,56 人,每時段 $3500 起
乒夢有限公司,台灣臺北市大同區 太原路11巷29號 1 樓,100 人,每小時 $1200 起
囍歡樂芽社企餐廳,台灣臺北市大同區 太原路11巷29號 1 樓,20 人,每小時 $500 起
誠遠國際商務中心,台灣臺北市大同區 太原路11巷29號 1 樓,34 人,每小時 $500 起
誠遠國際商務中心,台灣臺北市大同區 太原路11巷29號 1 樓,34 人,每時段 $4000 起
懷寧17,台灣臺北市大同區 太原路11巷29號 1 樓,10 人,每小時 $500 起
思奧共同空間 Autonomy Co-Space,台灣臺北市大同區 太原路11巷29號 1 樓,8 人,每小時 $300 起
思奧共同空間 Autonomy Co-Space,台灣臺北市大同區 太原路11巷29號 1 樓,15 人,每小時 $300 起
給力業務Jimmy,台灣臺北市中山區 林森北路381號地下 1 樓,10 人,每小時 $1000 起
築夢家,台灣臺北市中山區 林森北路381號地下 1 樓,12 人,每小時 $300 起
mySpace我的空間,台灣臺北市中山區 林森北路381號地下 1 樓,20 人,每小時 $400 起
MVP共享空間,台灣臺北市中山區 林森北路381號地下 1 樓,25 人,每時段 $1500 起
魔方小天地,台灣臺北市中山區 林森北路381號地下 1 樓,20 人,每小時 $200 起
MOJO 1921,台灣臺北市中山區 林森北路381號地下 1 樓,45 人,每小時 $1800 起
UNI CO-WORKING共享商務中心,台灣臺北市中山區 林森北路381號地下 1 樓,40 人,每小時 $1500 起
Milk Bar by BKA,台灣臺北市中山區 林森北路381號地下 1 樓,50 人,每小時 $1000 起
Top Space 台中商務中心,台灣臺北市中山區 林森北路381號地下 1 樓,200 人,每時段 $3600 起
文心路商務中心,台灣臺北市中山區 林森北路381號地下 1 樓,30 人,每小時 $500 起
舞鶴茶園公主咖啡台北店,台灣臺北市松山區 延壽街333號 1 樓,50 人,每小時 $1700 起
文化館,台灣臺北市松山區 延壽街333號 1 樓,25 人,每小時 $800 起
UNI CO-WORKING共享商務中心,台灣臺北市松山區 延壽街333號 1 樓,6 人,每時段 $1200 起
府都建設One+_All for kids,台灣臺北市松山區 延壽街333號 1 樓,25 人,每小時 $1000 起
衣佰元有限公司,台灣臺北市松山區 延壽街333號 1 樓,28 人,每小時 $1200 起
917好事咖啡創意廚房,台灣臺北市松山區 延壽街333號 1 樓,50 人,每小時 $1200 起
WORKSPOT,台灣臺北市松山區 延壽街333號 1 樓,8 人,每小時 $600 起
綠豐商務中心,台灣臺北市松山區 延壽街333號 1 樓,7 人,每小時 $460 起
承天啟后新智慧,台灣臺北市松山區 延壽街333號 1 樓,50 人,每小時 $2000 起
伸保木業股份有限公司,台灣臺北市松山區 延壽街333號 1 樓,20 人,每小時 $1000 起
伸保木業股份有限公司,台灣臺中市南屯區 向上路三段375-377號 1 樓,20 人,每小時 $1000 起
嘉俬房 ＆ other Art things,台灣臺中市南屯區 向上路三段375-377號 1 樓,50 人,每小時 $900 起
達卡2,台灣臺中市南屯區 向上路三段375-377號 1 樓,30 人,每時段 $5000 起
Kitchen Starter雲端x廚房,台灣臺中市南屯區 向上路三段375-377號 1 樓,10 人,每時段 $3500 起
曲羨空間,台灣臺中市南屯區 向上路三段375-377號 1 樓,6 人,每小時 $300 起
曲羨空間,台灣臺中市南屯區 向上路三段375-377號 1 樓,8 人,每小時 $300 起
曲羨空間,台灣臺中市南屯區 向上路三段375-377號 1 樓,8 人,每小時 $500 起
JR台北場地租借-金融大樓教室-18~24人場地租借,台灣臺中市南屯區 向上路三段375-377號 1 樓,24 人,每時段 $1300 起
我們的時間有限公司,台灣臺中市南屯區 向上路三段375-377號 1 樓,20 人,每小時 $2000 起
微遠文化藝術基金會,台灣臺中市南屯區 向上路三段375-377號 1 樓,1000 人,每時段 $6500 起
放大知識學院,台灣臺中市西屯區 台灣大道三段540號 7 樓之 5,8 人,每小時 $500 起
不只設計,台灣臺中市西屯區 台灣大道三段540號 7 樓之 5,15 人,每小時 $400 起
群島藝術園區,台灣臺中市西屯區 台灣大道三段540號 7 樓之 5,50 人,每小時 $1200 起
群島藝術園區,台灣臺中市西屯區 台灣大道三段540號 7 樓之 5,120 人,每小時 $2100 起
群島藝術園區,台灣臺中市西屯區 台灣大道三段540號 7 樓之 5,120 人,每小時 $1200 起
群島藝術園區,台灣臺中市西屯區 台灣大道三段540號 7 樓之 5,100 人,每小時 $1000 起
四婁cafeˊ咖啡廳,台灣臺中市西屯區 台灣大道三段540號 7 樓之 5,50 人,每小時 $1000 起
台槓創新HUB,台灣臺中市西屯區 台灣大道三段540號 7 樓之 5,120 人,每小時 $2000 起
1302木月月攝影棚,台灣臺中市西屯區 台灣大道三段540號 7 樓之 5,90 人,每小時 $3800 起
邸TaiDang創生基地,台灣臺中市西屯區 台灣大道三段540號 7 樓之 5,6 人,每小時 $500 起
四婁cafeˊ包場,台灣新北市土城區 中央路三段126巷21號 4 樓,13 人,每時段 $1050 起
四婁cafeˊ包場,台灣新北市土城區 中央路三段126巷21號 4 樓,13 人,每時段 $2500 起
DFS形象管理｜近國父紀念館全新空間,台灣新北市土城區 中央路三段126巷21號 4 樓,15 人,每小時 $400 起
小西城設計有限公司,台灣新北市土城區 中央路三段126巷21號 4 樓,30 人,每小時 $500 起
我的樂活生活館,台灣新北市土城區 中央路三段126巷21號 4 樓,20 人,每小時 $350 起
超越心動力體適能空間,台灣新北市土城區 中央路三段126巷21號 4 樓,30 人,每小時 $2000 起
超越心動力體適能空間,台灣新北市土城區 中央路三段126巷21號 4 樓,10 人,每小時 $1000 起
超越心動力體適能空間,台灣新北市土城區 中央路三段126巷21號 4 樓,10 人,每小時 $1000 起
拾伍勤學空間,台灣新北市土城區 中央路三段126巷21號 4 樓,50 人,每時段 $3000 起
亞必就是飛鼠休閒館,台灣新北市土城區 中央路三段126巷21號 4 樓,20 人,每小時 $2000 起
彭格商務中心-台中中清館,台灣臺中市北區 中清路一段89號 7 樓,8 人,每小時 $500 起
RPG桌遊吧,台灣臺中市北區 中清路一段89號 7 樓,40 人,每小時 $300 起
hour的空間,台灣臺中市北區 中清路一段89號 7 樓,22 人,每小時 $1000 起
Habitár Studio,台灣臺中市北區 中清路一段89號 7 樓,20 人,每小時 $1000 起
雨禾電腦,台灣臺中市北區 中清路一段89號 7 樓,20 人,每小時 $1000 起
雨禾電腦,台灣臺中市北區 中清路一段89號 7 樓,20 人,每小時 $1000 起
遇見咖啡-桃園復興店,台灣臺中市北區 中清路一段89號 7 樓,20 人,每時段 $2000 起
木衛二醫務所,台灣臺中市北區 中清路一段89號 7 樓,100 人,每時段 $10000 起
張容榕私房畫,台灣臺中市北區 中清路一段89號 7 樓,6 人,每時段 $800 起
升級商務中心,台灣臺中市北區 中清路一段89號 7 樓,6 人,每小時 $1000 起
gear yoga 轉動瑜珈,台灣新北市新店區 二十張路11巷1-1號地下 1 樓,40 人,每小時 $1000 起
Sky Space,台灣新北市新店區 二十張路11巷1-1號地下 1 樓,120 人,每小時 $3800 起
一生弦命音樂工作室,台灣新北市新店區 二十張路11巷1-1號地下 1 樓,50 人,每小時 $800 起
民安美術,台灣新北市新店區 二十張路11巷1-1號地下 1 樓,40 人,每小時 $500 起
民安美術,台灣新北市新店區 二十張路11巷1-1號地下 1 樓,20 人,每小時 $400 起
LaidBackCafe,台灣新北市新店區 二十張路11巷1-1號地下 1 樓,20 人,每時段 $2000 起
安妮怎麼了？,台灣新北市新店區 二十張路11巷1-1號地下 1 樓,24 人,每小時 $700 起
NVA club House,台灣新北市新店區 二十張路11巷1-1號地下 1 樓,50 人,每小時 $800 起
T恤手造館,台灣新北市新店區 二十張路11巷1-1號地下 1 樓,16 人,每小時 $500 起
BH cafe,台灣新北市新店區 二十張路11巷1-1號地下 1 樓,20 人,每小時 $2500 起
Gaming Space,台灣臺北市信義區 東興路51號 1 樓,300 人,每時段 $50000 起
雲育鏈-空間出租,台灣臺北市信義區 東興路51號 1 樓,30 人,每小時 $600 起
雲育鏈-空間出租,台灣臺北市信義區 東興路51號 1 樓,30 人,每小時 $550 起
頂贏國際資產管理投資顧問股份有限公司,台灣臺北市信義區 東興路51號 1 樓,10 人,每小時 $250 起
智一自動化科技股份有限公司,台灣臺北市信義區 東興路51號 1 樓,12 人,每時段 $8000 起
[鹿港必訪] 唯一杜比認證電影院@清溪文薈館/預約場地租借/健康蔬食/創意料理/輕食午茶,台灣臺北市信義區 東興路51號 1 樓,110 人,每時段 $10000 起
三希人文空間,台灣臺北市信義區 東興路51號 1 樓,100 人,每時段 $5000 起
TCCC台灣文創訓練中心-台北長安館C201空間,台灣臺北市信義區 東興路51號 1 樓,84 人,每時段 $3900 起
TCCC台灣文創訓練中心-台北長安館C206+C207合併空間,台灣臺北市信義區 東興路51號 1 樓,126 人,每時段 $6700 起
TCCC台灣文創訓練中心-台北長安館C202空間,台灣臺北市信義區 東興路51號 1 樓,40 人,每小時 $450 起
TCCC台灣文創訓練中心-台北長安館C203空間,台灣臺北市中山區 長安東路一段27號 2 樓,24 人,每小時 $350 起
TCCC台灣文創訓練中心-台北長安館C204空間,台灣臺北市中山區 長安東路一段27號 2 樓,8 人,每小時 $350 起
TCCC台灣文創訓練中心-台北長安館C205空間,台灣臺北市中山區 長安東路一段27號 2 樓,10 人,每小時 $450 起
TCCC台灣文創訓練中心-台北長安館C206空間,台灣臺北市中山區 長安東路一段27號 2 樓,74 人,每時段 $3500 起
TCCC台灣文創訓練中心-台北長安館C207空間,台灣臺北市中山區 長安東路一段27號 2 樓,64 人,每時段 $3500 起
艾弗瑞商務中心,台灣臺北市中山區 長安東路一段27號 2 樓,60 人,每小時 $2000 起
歐勳洋行創藝耍廢室,台灣臺北市中山區 長安東路一段27號 2 樓,12 人,每小時 $400 起
中華民國不動產經營管理協會,台灣臺北市中山區 長安東路一段27號 2 樓,42 人,每時段 $2200 起
中華民國不動產經營管理協會,台灣臺北市中山區 長安東路一段27號 2 樓,24 人,每時段 $2000 起
perBed 有張床共享空間,台灣臺北市中山區 長安東路一段27號 2 樓,50 人,每小時 $1200 起
靠北影像 攝影棚,台灣新北市中和區 民享街89巷7-1號 1 樓,20 人,每小時 $500 起
金融交易者商學院,台灣新北市中和區 民享街89巷7-1號 1 樓,25 人,每小時 $1000 起
公園大道分享空間股份有限公司,台灣新北市中和區 民享街89巷7-1號 1 樓,40 人,每時段 $2800 起
公園大道分享空間股份有限公司,台灣新北市中和區 民享街89巷7-1號 1 樓,40 人,每時段 $2800 起
公園大道分享空間股份有限公司,台灣新北市中和區 民享街89巷7-1號 1 樓,60 人,每時段 $3500 起
公園大道分享空間股份有限公司,台灣新北市中和區 民享街89巷7-1號 1 樓,30 人,每時段 $2000 起
J好呷·和牛燒肉 跨界料理 桃園旗艦店,台灣新北市中和區 民享街89巷7-1號 1 樓,60 人,每小時 $1500 起
公園大道分享空間股份有限公司,台灣新北市中和區 民享街89巷7-1號 1 樓,40 人,每時段 $2800 起
公園大道分享空間股份有限公司,台灣新北市中和區 民享街89巷7-1號 1 樓,60 人,每時段 $4000 起
全套式小型會議室,台灣新北市中和區 民享街89巷7-1號 1 樓,20 人,每小時 $600 起
俊傑館全齡養生宅,台灣臺南市南區 樹林街二段253號 8 樓,20 人,每時段 $4000 起
玩藝空間,台灣臺南市南區 樹林街二段253號 8 樓,30 人,每小時 $250 起
福滿門,台灣臺南市南區 樹林街二段253號 8 樓,26 人,每小時 $250 起
潤學商務共享中心,台灣臺南市南區 樹林街二段253號 8 樓,40 人,每時段 $2400 起
神創意攝影空間,台灣臺南市南區 樹林街二段253號 8 樓,15 人,每小時 $500 起
亨崵,台灣臺南市南區 樹林街二段253號 8 樓,21 人,每小時 $500 起
村舍,台灣臺南市南區 樹林街二段253號 8 樓,50 人,每小時 $1500 起
天綠共享空間,台灣臺南市南區 樹林街二段253號 8 樓,30 人,每小時 $500 起
廢墟BAR,台灣臺南市南區 樹林街二段253號 8 樓,16 人,每小時 $800 起
皇家NTC商務中心,台灣臺南市南區 樹林街二段253號 8 樓,100 人,每時段 $12000 起
廢墟BAR,台灣高雄市鹽埕區 瀨南街205號 1 樓,40 人,每小時 $1000 起
皇家NTC商務中心,台灣高雄市鹽埕區 瀨南街205號 1 樓,60 人,每時段 $10000 起
【新竹夠意思場地教室租借】時段包場方案,台灣高雄市鹽埕區 瀨南街205號 1 樓,8 人,每時段 $800 起
黃小姐,台灣高雄市鹽埕區 瀨南街205號 1 樓,10 人,每小時 $300 起
升級商務中心,台灣高雄市鹽埕區 瀨南街205號 1 樓,140 人,每時段 $12500 起
Wee聯合辦公室 Wee coworking Lab 【 博愛店 】,台灣高雄市鹽埕區 瀨南街205號 1 樓,4 人,每小時 $250 起
測試,台灣高雄市鹽埕區 瀨南街205號 1 樓,1 人,每小時 $3 起
佳興成長營,台灣高雄市鹽埕區 瀨南街205號 1 樓,110 人,每時段 $10000 起
思奧共同空間 Autonomy Co-Space,台灣高雄市鹽埕區 瀨南街205號 1 樓,4 人,每小時 $300 起
BPlus studio畢拍影像,台灣高雄市鹽埕區 瀨南街205號 1 樓,20 人,每小時 $800 起
多肉啡揚,台灣臺中市北區 台灣台中市北區華興街594號對面 2 樓,20 人,每時段 $1000 起
YYMIKI新得力,台灣臺中市北區 台灣台中市北區華興街594號對面 2 樓,10 人,每小時 $600 起
裕騰聯合有限公司,台灣臺中市北區 台灣台中市北區華興街594號對面 2 樓,4 人,每小時 $280 起
新飛國際有限公司,台灣臺中市北區 台灣台中市北區華興街594號對面 2 樓,50 人,每小時 $600 起
桃囍人文藝術館(南屯館),台灣臺中市北區 台灣台中市北區華興街594號對面 2 樓,30 人,每小時 $1000 起
桃囍人文藝術館(南屯館),台灣臺中市北區 台灣台中市北區華興街594號對面 2 樓,15 人,每小時 $600 起
桃囍人文藝術館(南屯館),台灣臺中市北區 台灣台中市北區華興街594號對面 2 樓,15 人,每小時 $400 起
PiBo Space,台灣臺中市北區 台灣台中市北區華興街594號對面 2 樓,10 人,每小時 $550 起
頂贏國際資產管理投資顧問股份有限公司,台灣臺中市北區 台灣台中市北區華興街594號對面 2 樓,26 人,每小時 $700 起
HW Lounge 雪茄咖啡館,台灣臺中市北區 台灣台中市北區華興街594號對面 2 樓,70 人,每小時 $3000 起
私立君冠音樂短期補習班,台灣桃園市桃園區 中埔二街220號 1 樓,30 人,每小時 $350 起
Furplay寵玩科技,台灣桃園市桃園區 中埔二街220號 1 樓,30 人,每小時 $750 起
HW Lounge咖啡雪茄館,台灣桃園市桃園區 中埔二街220號 1 樓,70 人,每小時 $3000 起
桃囍人文藝術館(南屯館),台灣桃園市桃園區 中埔二街220號 1 樓,30 人,每小時 $900 起
桃囍人文藝術館(南屯館),台灣桃園市桃園區 中埔二街220號 1 樓,15 人,每小時 $500 起
桃囍人文藝術館(南屯館),台灣桃園市桃園區 中埔二街220號 1 樓,15 人,每小時 $300 起
艾弗瑞商務中心,台灣桃園市桃園區 中埔二街220號 1 樓,40 人,每小時 $1350 起
艾弗瑞商務中心,台灣桃園市桃園區 中埔二街220號 1 樓,40 人,每小時 $1350 起
芮亞動態藝術,台灣桃園市桃園區 中埔二街220號 1 樓,20 人,每小時 $1000 起
卓越領航企管顧問有限公司,台灣桃園市桃園區 中埔二街220號 1 樓,40 人,每小時 $550 起
魔法空間板橋一店,台灣新北市板橋區 四川路一段105號 4 樓之 1,22 人,每小時 $850 起
魔法空間－大安,台灣新北市板橋區 四川路一段105號 4 樓之 1,22 人,每小時 $800 起
空間出借,台灣新北市板橋區 四川路一段105號 4 樓之 1,10 人,每時段 $1500 起
魔法空間－大安,台灣新北市板橋區 四川路一段105號 4 樓之 1,22 人,每小時 $800 起
玉珍齋翫書房,台灣新北市板橋區 四川路一段105號 4 樓之 1,40 人,每小時 $1250 起
growthbotics,台灣新北市板橋區 四川路一段105號 4 樓之 1,15 人,每小時 $496 起
安平愛鄰協會,台灣新北市板橋區 四川路一段105號 4 樓之 1,500 人,每時段 $1 起
福爾摩沙雲創基地,台灣新北市板橋區 四川路一段105號 4 樓之 1,30 人,每時段 $2200 起
大員創意有限公司,台灣新北市板橋區 四川路一段105號 4 樓之 1,30 人,每小時 $800 起
福爾摩沙雲創基地,台灣新北市板橋區 四川路一段105號 4 樓之 1,30 人,每時段 $2200 起
福爾摩沙雲創基地,台灣臺中市中區 綠川西街135號 12 樓之 1,28 人,每時段 $2200 起
台北工作趣Work Fun,台灣臺中市中區 綠川西街135號 12 樓之 1,30 人,每小時 $990 起
mySpace我的空間,台灣臺中市中區 綠川西街135號 12 樓之 1,38 人,每時段 $2200 起
思博客商務中心,台灣臺中市中區 綠川西街135號 12 樓之 1,14 人,每小時 $450 起
思博客商務中心,台灣臺中市中區 綠川西街135號 12 樓之 1,6 人,每小時 $450 起
思博客商務中心,台灣臺中市中區 綠川西街135號 12 樓之 1,10 人,每小時 $450 起
思博客商務中心,台灣臺中市中區 綠川西街135號 12 樓之 1,70 人,每小時 $2000 起
竤壹商務中心,台灣臺中市中區 綠川西街135號 12 樓之 1,7 人,每小時 $300 起
社團法人台北市野鳥學會關渡自然公園管理處,台灣臺中市中區 綠川西街135號 12 樓之 1,127 人,每時段 $8000 起
社團法人台北市野鳥學會關渡自然公園管理處,台灣臺中市中區 綠川西街135號 12 樓之 1,25 人,每時段 $6000 起
社團法人台北市野鳥學會關渡自然公園管理處,台灣臺北市北投區 關渡路55號 2 樓,50 人,每時段 $6000 起
香巷有限公司,台灣臺北市北投區 關渡路55號 2 樓,40 人,每小時 $1000 起
葉子共享空間,台灣臺北市北投區 關渡路55號 2 樓,5 人,每小時 $1000 起
禾日常咖啡廳,台灣臺北市北投區 關渡路55號 2 樓,25 人,每小時 $300 起
賦格音樂藝文空間,台灣臺北市北投區 關渡路55號 2 樓,25 人,每小時 $800 起
聯絡人,台灣臺北市北投區 關渡路55號 2 樓,60 人,每小時 $1000 起
AD創意+,台灣臺北市北投區 關渡路55號 2 樓,14 人,每時段 $2500 起
AD創意+,台灣臺北市北投區 關渡路55號 2 樓,10 人,每時段 $3000 起
樂放音樂展演空間有限公司,台灣臺北市北投區 關渡路55號 2 樓,50 人,每小時 $1000 起
工作樂 共想空間,台灣臺北市北投區 關渡路55號 2 樓,20 人,每小時 $1500 起
金鋒山股份有限公司,台灣臺北市內湖區 瑞光路168號9樓 9 樓,1 人,每小時 $100 起
金鋒山商務中心站前館,台灣臺北市內湖區 瑞光路168號9樓 9 樓,10 人,每小時 $400 起
百村企業有限公司,台灣臺北市內湖區 瑞光路168號9樓 9 樓,15 人,每小時 $700 起
加爾第咖啡-通化店,台灣臺北市內湖區 瑞光路168號9樓 9 樓,18 人,每小時 $450 起
永寧4號棧人文創想空間,台灣臺北市內湖區 瑞光路168號9樓 9 樓,40 人,每小時 $1100 起
思博客商務中心,台灣臺北市內湖區 瑞光路168號9樓 9 樓,20 人,每小時 $1000 起
思博客商務中心,台灣臺北市內湖區 瑞光路168號9樓 9 樓,30 人,每小時 $1200 起
思博客商務中心,台灣臺北市內湖區 瑞光路168號9樓 9 樓,50 人,每小時 $1575 起
艾爾麗,台灣臺北市內湖區 瑞光路168號9樓 9 樓,10 人,每時段 $3000 起
肆樓喜劇,台灣臺北市內湖區 瑞光路168號9樓 9 樓,30 人,每小時 $1000 起
口香糖俱樂部股份有限公司,台灣臺北市信義區 信義路五段18號地下 1 樓,120 人,每時段 $72000 起
出租空間,台灣臺北市信義區 信義路五段18號地下 1 樓,48 人,每小時 $1500 起
陳先生,台灣臺北市信義區 信義路五段18號地下 1 樓,30 人,每時段 $36000 起
永寧4號棧人文創想空間,台灣臺北市信義區 信義路五段18號地下 1 樓,15 人,每小時 $650 起
永寧4號棧人文創想空間,台灣臺北市信義區 信義路五段18號地下 1 樓,4 人,每小時 $550 起
永寧4號棧人文創想空間,台灣臺北市信義區 信義路五段18號地下 1 樓,8 人,每小時 $550 起
WEIBO商務共享空間,台灣臺北市信義區 信義路五段18號地下 1 樓,40 人,每小時 $500 起
Huset,台灣臺北市信義區 信義路五段18號地下 1 樓,15 人,每時段 $1200 起
心之谷永續教育園區,台灣臺北市信義區 信義路五段18號地下 1 樓,200 人,每小時 $4500 起
WEIBO商務共享空間,台灣臺北市信義區 信義路五段18號地下 1 樓,15 人,每小時 $500 起
WEIBO商務共享空間,台灣高雄市新興區 和平一路199號 12 樓,70 人,每小時 $800 起
赫綵設計學院-站前學院,台灣高雄市新興區 和平一路199號 12 樓,37 人,每小時 $1400 起
赫綵設計學院-站前二站學院,台灣高雄市新興區 和平一路199號 12 樓,16 人,每小時 $1200 起
BEAUCOUP,台灣高雄市新興區 和平一路199號 12 樓,10 人,每小時 $800 起
築夢創玩中心,台灣高雄市新興區 和平一路199號 12 樓,30 人,每小時 $600 起
大瀚國際會議中心 - 民權中心,台灣高雄市新興區 和平一路199號 12 樓,7 人,每小時 $1000 起
大瀚國際會議中心 - 市府中心,台灣高雄市新興區 和平一路199號 12 樓,5 人,每小時 $1000 起
TRADERS' SOCIETY交易室,台灣高雄市新興區 和平一路199號 12 樓,40 人,每小時 $600 起
【大瀚環球】內湖 商務會議室,台灣高雄市新興區 和平一路199號 12 樓,8 人,每小時 $1000 起
樂芙(美髮)教室租借空間,台灣高雄市新興區 和平一路199號 12 樓,20 人,每小時 $500 起
赫綵電腦設計學院-台中學院,台灣臺中市北區 尊賢街7號 12 樓,30 人,每小時 $1200 起
赫綵電腦設計學院-台中學院,台灣臺中市北區 尊賢街7號 12 樓,30 人,每小時 $1400 起
赫綵電腦設計學院-高雄學院,台灣臺中市北區 尊賢街7號 12 樓,25 人,每小時 $1200 起
赫綵電腦設計學院-高雄學院,台灣臺中市北區 尊賢街7號 12 樓,30 人,每小時 $1400 起
MOON SHADOW,台灣臺中市北區 尊賢街7號 12 樓,1 人,每小時 $200 起
浮島日常藝文企業社,台灣臺中市北區 尊賢街7號 12 樓,30 人,每小時 $2000 起
天晴好日咖啡餐館,台灣臺中市北區 尊賢街7號 12 樓,30 人,每小時 $1000 起
Sync co-working space (鑫空間-博愛二館) R12 後驛捷運站,台灣臺中市北區 尊賢街7號 12 樓,40 人,每小時 $1000 起
STARS美學館,台灣臺中市北區 尊賢街7號 12 樓,100 人,每小時 $1800 起
紅樹林安泰登峰 - 長傳企管,台灣臺中市北區 尊賢街7號 12 樓,50 人,每小時 $600 起
